artist,acousticness,danceability,energy,instrumentalness,liveness,loudness,speechiness,tempo,valence,duration_ms,popularity,sentiment,key_0.0,key_1.0,key_2.0,key_3.0,key_4.0,key_5.0,key_6.0,key_7.0,key_8.0,key_9.0,key_10.0,key_11.0,audio_mode_0.0,audio_mode_1.0,time_signature_3.0,time_signature_4.0,time_signature_5.0
Girl's Day,0.0663,0.684,0.935,0.0,0.0554,-2.839,0.107,134.942,0.708,194482.0,0.0,0.0,0,0,0,0,0,1,0,0,0,0,0,0,0,1,0,1,0
B1A4,0.0529,0.635,0.89,0.0,0.317,-3.102,0.0831,149.972,0.504,213264.0,0.0,0.0,0,0,1,0,0,0,0,0,0,0,0,0,0,1,0,1,0
f(x),0.117,0.844,0.888,0.0,0.328,-1.369,0.12,118.023,0.879,191640.0,0.0,0.0,0,0,0,0,0,0,0,0,0,0,0,1,1,0,0,1,0
INFINITE,0.17,0.602,0.944,0.0,0.743,-3.385,0.0531,102.066,0.667,188387.0,0.0,0.13636363636363635,0,0,0,0,0,0,0,0,0,0,1,0,1,0,0,1,0
INFINITE,0.188,0.58,0.9,0.0,0.498,-4.081,0.0975,93.021,0.641,220907.0,0.0,0.13636363636363635,0,0,0,0,0,0,0,0,0,0,1,0,1,0,0,1,0
SISTAR,0.0261,0.75,0.944,0.0,0.416,-2.635,0.0455,128.015,0.921,201273.0,0.0,0.35,0,0,0,0,0,0,1,0,0,0,0,0,1,0,0,1,0
Girl's Day,0.0437,0.71,0.877,0.0,0.295,-2.532,0.05,149.986,0.439,186253.0,0.0,0.0,0,0,0,0,0,0,0,0,1,0,0,0,0,1,0,1,0
SISTAR19,0.353,0.751,0.767,2.71e-06,0.289,-4.752,0.0577,89.93,0.768,196702.0,1.0,0.0,0,0,0,0,0,0,0,1,0,0,0,0,1,0,0,1,0
f(x),0.00431,0.769,0.966,2.93e-05,0.265,-1.484,0.0292,123.019,0.783,225787.0,1.0,0.25,0,0,1,0,0,0,0,0,0,0,0,0,0,1,0,1,0
U-KISS,0.000148,0.54,0.966,0.0,0.933,-6.258,0.0578,125.979,0.64,204738.0,0.0,0.13636363636363635,0,0,0,1,0,0,0,0,0,0,0,0,1,0,0,1,0
Secret,0.036,0.695,0.961,2.83e-05,0.0116,-2.516,0.117,160.923,0.963,202109.0,0.0,0.5,0,0,0,0,0,0,0,0,0,1,0,0,0,1,0,1,0
Block B,0.0508,0.765,0.937,0.0,0.31,-2.563,0.094,125.918,0.901,205800.0,0.0,0.0,0,1,0,0,0,0,0,0,0,0,0,0,0,1,0,1,0
2PM,0.0163,0.818,0.887,9.56e-05,0.113,-3.33,0.0413,124.996,0.626,197147.0,0.0,0.0,0,0,0,0,0,0,1,0,0,0,0,0,0,1,0,1,0
SUPER JUNIOR,0.000219,0.913,0.745,0.00208,0.0622,-2.837,0.0506,127.996,0.795,241827.0,1.0,0.0,0,1,0,0,0,0,0,0,0,0,0,0,0,1,0,1,0
After School,0.201,0.659,0.907,0.0,0.106,-4.525,0.0346,126.94,0.628,274756.0,0.0,0.0,0,0,0,0,1,0,0,0,0,0,0,0,0,1,0,1,0
MBLAQ,0.0013,0.723,0.9,0.0,0.0946,-3.363,0.0917,129.934,0.48,200556.0,0.0,0.0,0,0,0,0,1,0,0,0,0,0,0,0,1,0,0,1,0
2NE1,0.00767,0.819,0.844,0.00834,0.056,-3.739,0.038,127.997,0.687,208731.0,1.0,1.0,1,0,0,0,0,0,0,0,0,0,0,0,0,1,0,1,0
Rania,0.000658,0.876,0.728,0.0,0.0925,-7.354,0.0634,124.04,0.499,234815.0,0.0,0.7,0,1,0,0,0,0,0,0,0,0,0,0,0,1,0,1,0
MBLAQ,0.0535,0.658,0.863,0.0,0.399,-4.96,0.0651,127.042,0.796,221532.0,0.0,0.0,0,0,0,0,0,0,0,0,0,0,0,1,1,0,0,1,0
Beast,0.223,0.665,0.866,0.0,0.373,-3.81,0.056,128.041,0.455,234587.0,1.0,0.0,0,0,0,0,0,0,0,1,0,0,0,0,0,1,0,1,0
2NE1,0.23,0.585,0.568,0.0,0.138,-2.787,0.0271,94.874,0.391,209987.0,0.0,-0.09999999999999998,0,0,0,0,1,0,0,0,0,0,0,0,0,1,0,1,0
Song Ji Eun,0.305,0.542,0.712,0.0,0.128,-4.653,0.114,169.852,0.235,230728.0,0.0,-0.25,0,0,0,0,0,0,1,0,0,0,0,0,0,1,0,1,0
T-ARA,0.0919,0.832,0.848,2.83e-05,0.0458,-7.407,0.0545,130.004,0.901,214427.0,0.0,0.0,0,0,0,0,0,0,0,1,0,0,0,0,0,1,0,1,0
Trouble Maker,0.0826,0.838,0.805,3.77e-06,0.0778,-2.723,0.0541,115.026,0.952,219638.0,1.0,-0.2,0,0,0,0,0,0,0,0,0,0,1,0,1,0,0,1,0
4Minute,0.117,0.751,0.916,0.0,0.353,-3.524,0.0606,128.067,0.692,216587.0,0.0,0.0,0,0,0,0,0,0,1,0,0,0,0,0,0,1,0,1,0
T-ARA,0.136,0.791,0.85,0.057,0.0788,-2.307,0.0468,114.98,0.875,197799.0,0.0,0.0,0,0,0,0,0,0,1,0,0,0,0,0,1,0,0,1,0
9MUSES,0.0094,0.677,0.886,0.000811,0.101,-2.709,0.0448,117.982,0.918,199576.0,0.0,0.0,0,0,0,0,0,0,0,0,1,0,0,0,0,1,0,1,0
INFINITE,0.0296,0.583,0.956,0.0,0.434,-4.117,0.119,130.018,0.436,211627.0,0.0,0.13636363636363635,0,0,0,0,0,0,0,0,0,0,1,0,1,0,0,1,0
4Minute,0.403,0.722,0.72,0.0,0.0578,-3.531,0.0404,129.961,0.548,231549.0,0.0,0.0,0,0,0,0,0,0,1,0,0,0,0,0,0,1,0,1,0
KARA,0.0113,0.618,0.975,3.09e-06,0.423,-0.883,0.128,122.939,0.761,203587.0,1.0,0.0,0,0,0,0,0,0,1,0,0,0,0,0,1,0,0,1,0
2NE1,0.196,0.653,0.852,0.0,0.212,-2.746,0.0782,127.966,0.518,248711.0,0.0,-0.7,0,0,0,0,0,0,0,0,1,0,0,0,0,1,0,1,0
C-CLOWN,0.139,0.637,0.803,0.0,0.585,-3.481,0.112,183.96,0.737,224549.0,0.0,0.2333333333333333,0,0,0,0,0,0,0,1,0,0,0,0,0,1,0,1,0
EXO-K,0.00515,0.629,0.963,0.0,0.262,-3.889,0.112,90.015,0.528,270453.0,1.0,0.0,1,0,0,0,0,0,0,0,0,0,0,0,0,1,0,1,0
U-KISS,0.216,0.476,0.568,0.0,0.0894,-7.355,0.0453,71.769,0.297,284713.0,0.0,0.0,0,1,0,0,0,0,0,0,0,0,0,0,0,1,0,1,0
LeeHi,0.364,0.905,0.649,0.0,0.0881,-4.116,0.0473,115.962,0.955,214274.0,0.0,0.0,0,0,0,0,0,1,0,0,0,0,0,0,0,1,0,1,0
U-KISS,0.00757,0.598,0.738,0.0,0.0843,-9.763,0.0491,114.991,0.29,118396.0,0.0,0.37337662337662336,0,1,0,0,0,0,0,0,0,0,0,0,0,1,0,1,0
HyunA,0.131,0.814,0.924,0.0,0.279,-2.634,0.0519,120.015,0.967,195788.0,0.0,0.0,0,0,0,0,0,0,0,0,0,0,0,1,0,1,0,1,0
9MUSES,0.0634,0.68,0.973,2.1e-06,0.122,-1.3,0.0866,122.976,0.579,182256.0,0.0,0.0,0,0,0,1,0,0,0,0,0,0,0,0,1,0,0,1,0
HELLOVENUS,0.045,0.659,0.94,0.0,0.285,-1.017,0.161,146.061,0.672,178107.0,0.0,0.13636363636363635,0,0,0,0,0,0,1,0,0,0,0,0,0,1,0,1,0
BIGBANG,0.002,0.726,0.841,0.0,0.0649,-3.924,0.0545,130.012,0.582,230573.0,0.0,0.0,0,0,1,0,0,0,0,0,0,0,0,0,0,1,0,1,0
G-DRAGON,0.533,0.763,0.47,0.0,0.133,-5.642,0.0433,119.885,0.801,199629.0,0.0,0.4,0,0,0,0,1,0,0,0,0,0,0,0,1,0,0,1,0
BoA,0.285,0.886,0.841,0.000532,0.182,-3.23,0.0347,104.023,0.925,200419.0,0.0,0.0,0,0,0,1,0,0,0,0,0,0,0,0,1,0,0,1,0
B.A.P,0.0178,0.607,0.897,0.0,0.128,-4.053,0.213,172.089,0.522,213656.0,0.0,0.0,0,0,0,0,0,0,0,0,0,0,0,1,1,0,0,1,0
Orange Caramel,0.00689,0.805,0.876,5.34e-05,0.345,-4.049,0.13,125.939,0.641,201221.0,0.0,0.0,0,1,0,0,0,0,0,0,0,0,0,0,0,1,0,1,0
T-ARA,0.702,0.757,0.637,8.83e-06,0.209,-3.137,0.0465,117.961,0.675,209880.0,0.0,0.0,0,1,0,0,0,0,0,0,0,0,0,0,1,0,0,1,0
AILEE,0.64,0.465,0.825,0.0,0.13,-2.911,0.096,89.777,0.398,211827.0,0.0,0.0,0,0,0,0,0,0,0,1,0,0,0,0,0,1,0,1,0
Secret,0.00873,0.653,0.881,0.0,0.0699,-4.71,0.0319,102.046,0.55,207256.0,0.0,0.0,0,0,0,0,0,0,0,0,0,0,0,1,0,1,0,1,0
B.A.P,0.0239,0.699,0.897,2.19e-06,0.154,-3.078,0.0988,105.634,0.336,244603.0,0.0,0.0,0,0,0,0,0,0,0,0,0,1,0,0,0,1,0,1,0
BoA,0.136,0.641,0.645,0.000145,0.145,-6.54,0.0366,90.027,0.546,217085.0,1.0,0.0,1,0,0,0,0,0,0,0,0,0,0,0,0,1,0,1,0
NU'EST,0.0226,0.789,0.88,0.0,0.386,-3.235,0.064,123.97,0.615,220135.0,1.0,0.0,1,0,0,0,0,0,0,0,0,0,0,0,1,0,0,1,0
T-ARA,0.00659,0.756,0.915,3.06e-06,0.0389,-1.858,0.0368,132.059,0.949,227360.0,0.0,0.0,0,0,0,0,0,0,0,0,0,1,0,0,1,0,0,1,0
Spica,0.0954,0.361,0.955,0.0,0.187,-2.384,0.328,196.307,0.575,210077.0,0.0,0.5,0,1,0,0,0,0,0,0,0,0,0,0,0,1,0,1,0
BTOB,0.00358,0.586,0.874,0.0,0.0946,-4.606,0.0586,133.051,0.188,228362.0,0.0,0.0,0,0,0,0,0,0,0,0,0,0,1,0,0,1,0,1,0
Spica,0.0793,0.802,0.889,0.0,0.509,-3.82,0.0815,109.994,0.878,186514.0,0.0,0.0,1,0,0,0,0,0,0,0,0,0,0,0,0,1,0,1,0
Gain,0.0735,0.8,0.947,0.0,0.327,-1.97,0.1,123.975,0.76,227683.0,0.0,0.0,0,1,0,0,0,0,0,0,0,0,0,0,0,1,0,1,0
BIGBANG,0.0595,0.609,0.706,0.0,0.056,-7.275,0.0852,124.989,0.358,233099.0,0.0,0.0,0,0,0,0,0,0,0,1,0,0,0,0,0,1,0,1,0
EXID,0.0117,0.739,0.874,0.0,0.0319,-2.333,0.101,127.894,0.787,210077.0,0.0,0.0,0,1,0,0,0,0,0,0,0,0,0,0,0,1,0,1,0
f(x),0.0927,0.757,0.898,7.85e-06,0.493,-1.632,0.0327,125.029,0.537,196947.0,1.0,0.0,0,0,0,0,0,1,0,0,0,0,0,0,1,0,0,1,0
K.Will,0.44,0.698,0.694,3.96e-06,0.308,-5.5,0.0321,94.998,0.489,212976.0,1.0,0.0,0,0,0,0,0,0,0,0,0,0,0,1,1,0,0,1,0
9MUSES,0.207,0.537,0.977,0.0,0.178,-0.553,0.136,175.978,0.752,192026.0,0.0,0.0,0,0,0,0,0,0,0,0,0,0,1,0,1,0,0,1,0
T-ARA,0.0704,0.796,0.742,0.0,0.0632,-4.117,0.0631,128.063,0.545,215249.0,0.0,0.0,0,0,0,0,0,0,1,0,0,0,0,0,1,0,0,1,0
BIGBANG,0.0148,0.457,0.764,0.0,0.126,-4.859,0.244,73.911,0.359,236817.0,0.0,0.0,0,0,0,0,0,0,0,0,0,1,0,0,1,0,0,1,0
After School,0.0643,0.714,0.854,0.0,0.074,-3.349,0.0805,130.013,0.647,195933.0,0.0,-0.6999999999999998,0,1,0,0,0,0,0,0,0,0,0,0,0,1,0,1,0
BTOB,0.004,0.741,0.959,1.23e-05,0.355,-1.414,0.0571,110.016,0.41,217887.0,1.0,0.0,0,0,0,0,0,0,0,0,0,1,0,0,0,1,0,1,0
SISTAR,0.188,0.687,0.857,0.0,0.306,-2.084,0.0753,124.999,0.906,217966.0,0.0,0.1,0,0,0,0,0,0,0,0,0,1,0,0,0,1,0,1,0
Spica,0.00912,0.476,0.801,1.12e-05,0.117,-1.904,0.0416,159.747,0.261,251328.0,0.0,0.6,0,0,0,0,0,0,1,0,0,0,0,0,1,0,0,1,0
Girls' Generation,0.405,0.717,0.917,1.88e-06,0.151,-1.691,0.0322,129.985,0.961,215280.0,0.0,0.0,1,0,0,0,0,0,0,0,0,0,0,0,0,1,0,1,0
EXO-K,0.000252,0.753,0.808,0.000194,0.0371,-3.264,0.0812,110.856,0.603,209801.0,1.0,0.0,0,1,0,0,0,0,0,0,0,0,0,0,0,1,0,1,0
FIESTAR,0.0348,0.718,0.953,0.0,0.121,-1.831,0.149,120.97,0.377,210521.0,0.0,0.0,0,1,0,0,0,0,0,0,0,0,0,0,0,1,0,1,0
EXID,0.037,0.711,0.852,0.0,0.468,-1.909,0.0574,130.034,0.534,207282.0,0.0,0.0,0,0,0,0,0,0,0,0,0,0,0,1,1,0,0,1,0
Girl's Day,0.106,0.623,0.972,0.0,0.328,-0.348,0.0765,133.825,0.633,190433.0,0.0,0.7,1,0,0,0,0,0,0,0,0,0,0,0,1,0,0,1,0
Block B,0.0523,0.78,0.956,0.0,0.0675,-3.69,0.0882,114.971,0.921,202606.0,1.0,0.0,0,0,0,0,0,0,0,0,1,0,0,0,0,1,0,1,0
SHINee,0.0069,0.64,0.937,0.0,0.393,-2.112,0.0839,107.013,0.316,239187.0,1.0,0.0,0,1,0,0,0,0,0,0,0,0,0,0,0,1,0,1,0
AILEE,0.262,0.606,0.872,0.0,0.125,-2.114,0.0519,129.965,0.226,232333.0,0.0,0.0,0,0,0,0,0,0,0,1,0,0,0,0,1,0,0,1,0
Girls' Generation-TTS,0.257,0.799,0.886,0.0,0.334,-2.592,0.0486,110.004,0.963,206852.0,0.0,0.0,0,1,0,0,0,0,0,0,0,0,0,0,1,0,0,1,0
2NE1,0.0242,0.711,0.837,0.0,0.531,-4.277,0.038,125.075,0.563,237138.0,0.0,0.0,1,0,0,0,0,0,0,0,0,0,0,0,1,0,0,1,0
BTOB,0.0116,0.638,0.857,0.0,0.192,-4.607,0.0465,129.901,0.569,217313.0,0.0,0.5,0,1,0,0,0,0,0,0,0,0,0,0,1,0,0,1,0
Secret,0.427,0.847,0.749,0.0,0.0888,-2.854,0.0843,125.952,0.543,217861.0,0.0,-1.0,0,0,1,0,0,0,0,0,0,0,0,0,0,1,0,1,0
AOA,0.00543,0.68,0.874,0.0,0.0663,-2.186,0.0363,137.099,0.317,213995.0,0.0,0.0,0,0,0,0,0,0,0,0,1,0,0,0,1,0,0,1,0
EXO-K,0.565,0.728,0.714,0.0,0.0544,-3.667,0.0355,131.919,0.785,261224.0,1.0,0.0,0,0,0,0,0,0,0,0,1,0,0,0,0,1,0,1,0
SHINee,0.0259,0.62,0.951,0.0,0.795,-3.231,0.106,110.039,0.357,219973.0,0.0,0.5,0,0,0,0,0,0,1,0,0,0,0,0,0,1,0,1,0
TEEN TOP,0.0186,0.695,0.976,0.0,0.11,-3.241,0.103,128.047,0.785,192653.0,0.0,-0.09848484848484848,0,0,0,0,0,0,0,1,0,0,0,0,0,1,0,1,0
B.A.P,0.0998,0.729,0.793,0.0,0.312,-3.893,0.0413,98.006,0.84,206472.0,0.0,0.13636363636363635,0,0,0,0,0,0,0,0,0,1,0,0,1,0,0,1,0
100%,0.157,0.708,0.924,0.0,0.351,-4.082,0.117,129.945,0.637,198971.0,0.0,0.0,0,0,0,0,0,0,0,0,0,1,0,0,0,1,0,1,0
MBLAQ,0.0483,0.807,0.599,0.0,0.0759,-6.664,0.107,129.958,0.472,210875.0,0.0,0.4,0,0,0,0,0,0,0,0,0,1,0,0,1,0,0,1,0
Block B,0.012,0.603,0.906,0.0,0.162,-1.971,0.0927,135.962,0.776,186182.0,0.0,0.0,0,0,0,0,0,0,0,1,0,0,0,0,0,1,0,1,0
SEUNGRI,0.115,0.746,0.712,0.0,0.269,-5.447,0.0347,127.995,0.744,215480.0,0.0,0.0,0,0,0,0,0,0,0,0,0,0,1,0,1,0,0,1,0
IU,0.512,0.636,0.922,0.0,0.0898,-2.131,0.211,118.065,0.371,254250.0,0.0,0.40499999999999997,0,0,0,0,0,0,1,0,0,0,0,0,0,1,0,1,0
BTS,0.0124,0.436,0.869,1.6e-06,0.494,-5.174,0.472,167.766,0.612,221593.0,0.0,0.0,0,0,1,0,0,0,0,0,0,0,0,0,0,1,0,1,0
Song Ji Eun,0.61,0.472,0.715,0.0,0.38,-4.316,0.0618,72.398,0.47,192746.0,0.0,0.0,0,0,0,0,1,0,0,0,0,0,0,0,1,0,0,1,0
BTOB,0.0445,0.689,0.936,0.0,0.0675,-2.382,0.083,125.017,0.847,207726.0,0.0,-0.25,0,0,0,0,0,0,0,0,0,0,1,0,1,0,0,1,0
4Minute,0.185,0.738,0.889,0.0,0.0661,-3.019,0.073,115.041,0.914,186776.0,0.0,-0.4000000000000001,0,0,0,0,0,0,0,0,0,0,0,1,1,0,0,1,0
XIA,0.0498,0.661,0.894,8.45e-06,0.103,-3.822,0.0387,129.971,0.729,195699.0,0.0,0.0,0,0,1,0,0,0,0,0,0,0,0,0,1,0,0,1,0
f(x),0.509,0.774,0.819,1.72e-05,0.239,-2.976,0.0383,119.984,0.543,197672.0,1.0,0.0,0,0,0,0,0,0,0,0,0,0,0,1,0,1,0,1,0
Dalshabet,0.106,0.667,0.946,0.0,0.355,-1.781,0.114,128.044,0.657,204467.0,0.0,0.9,1,0,0,0,0,0,0,0,0,0,0,0,0,1,0,1,0
BTS,0.00945,0.754,0.952,6.27e-06,0.189,-5.11,0.153,144.051,0.868,225360.0,0.0,0.0,0,0,0,0,0,0,0,0,1,0,0,0,1,0,0,1,0
SHINHWA,0.0316,0.717,0.789,0.0,0.0978,-3.586,0.076,127.98,0.761,220347.0,0.0,0.0,0,0,0,0,0,1,0,0,0,0,0,0,1,0,0,1,0
4Minute,0.37,0.774,0.928,2.46e-06,0.0857,-4.026,0.0425,124.942,0.875,190171.0,0.0,0.0,0,0,0,0,0,0,0,0,0,0,0,1,0,1,0,1,0
BTS,0.0389,0.594,0.914,0.0,0.457,-3.764,0.167,146.885,0.571,209752.0,0.0,0.5,0,0,0,0,0,0,0,0,0,0,0,1,1,0,0,1,0
FIESTAR,0.242,0.795,0.896,5.67e-05,0.0601,-3.058,0.0804,138.018,0.897,208262.0,0.0,0.0,0,0,0,0,0,0,0,0,1,0,0,0,0,1,0,1,0
SHINee,0.0065,0.633,0.92,0.0,0.135,-3.045,0.0685,126.027,0.732,249292.0,0.0,0.0,0,0,0,0,0,0,0,0,1,0,0,0,0,1,0,1,0
Chocolat,0.0882,0.771,0.692,0.0,0.232,-3.448,0.0325,116.988,0.906,206341.0,0.0,0.0,0,0,0,0,1,0,0,0,0,0,0,0,1,0,0,1,0
BOYFRIEND,0.00209,0.668,0.944,0.0,0.237,-3.279,0.0397,109.005,0.703,197172.0,0.0,0.0,0,0,0,0,0,0,1,0,0,0,0,0,1,0,0,1,0
Rania,0.00847,0.663,0.918,0.0,0.341,-2.147,0.0714,133.023,0.604,188857.0,0.0,-0.16666666666666666,0,1,0,0,0,0,0,0,0,0,0,0,0,1,0,1,0
HYOLYN,0.0577,0.718,0.817,0.0,0.0622,-3.651,0.0306,109.952,0.891,197824.0,0.0,0.0,0,1,0,0,0,0,0,0,0,0,0,0,0,1,0,1,0
2NE1,0.823,0.625,0.45,0.0,0.111,-5.214,0.0339,130.099,0.262,219302.0,0.0,0.0,1,0,0,0,0,0,0,0,0,0,0,0,0,1,0,1,0
SHINee,0.0429,0.724,0.939,0.0,0.304,-0.698,0.0736,124.063,0.732,180165.0,0.0,0.5,0,0,0,0,0,0,0,0,0,0,0,1,1,0,0,1,0
SISTAR19,0.177,0.646,0.804,0.0,0.0886,-4.372,0.0313,145.986,0.69,211069.0,0.0,-0.2,0,0,0,0,0,0,0,0,1,0,0,0,0,1,0,1,0
LeeHi,0.0446,0.756,0.675,0.0,0.56,-6.619,0.0375,124.975,0.401,222288.0,0.0,0.0,0,0,1,0,0,0,0,0,0,0,0,0,0,1,0,1,0
KARA,0.0547,0.593,0.933,8.82e-06,0.062,-2.854,0.079,93.017,0.751,186044.0,0.0,0.0,0,0,0,0,0,0,1,0,0,0,0,0,1,0,0,1,0
Dasoni,0.277,0.657,0.887,0.0,0.0448,-1.458,0.0724,129.935,0.419,209502.0,0.0,0.6,0,0,0,0,0,0,0,0,1,0,0,0,0,1,0,1,0
Girls' Generation,0.0342,0.502,0.863,0.0,0.538,-1.273,0.272,97.911,0.527,271326.0,1.0,0.0,0,0,0,0,1,0,0,0,0,0,0,0,1,0,0,1,0
AILEE,0.0346,0.65,0.877,0.0,0.334,-1.918,0.0398,107.878,0.906,194713.0,0.0,0.7,0,0,1,0,0,0,0,0,0,0,0,0,1,0,0,1,0
Girl's Day,0.135,0.722,0.947,0.0,0.348,-1.378,0.0941,126.989,0.797,195056.0,0.0,0.0,1,0,0,0,0,0,0,0,0,0,0,0,0,1,0,1,0
After School,0.135,0.689,0.851,0.0,0.263,-2.96,0.0594,89.99,0.672,217738.0,0.0,0.0,0,0,0,0,1,0,0,0,0,0,0,0,1,0,0,1,0
Girl's Day,0.0606,0.767,0.909,1.43e-06,0.301,-1.18,0.0531,109.958,0.515,212640.0,0.0,0.0,0,0,0,0,0,0,0,0,0,0,0,1,0,1,0,1,0
B.A.P,0.0219,0.58,0.937,0.0136,0.0667,-2.841,0.0905,95.09,0.452,237923.0,0.0,0.375,0,0,1,0,0,0,0,0,0,0,0,0,1,0,0,1,0
9MUSES,0.239,0.714,0.97,0.0,0.65,-2.244,0.102,128.092,0.838,192130.0,0.0,0.0,0,0,0,0,1,0,0,0,0,0,0,0,1,0,0,1,0
G-DRAGON,0.00191,0.665,0.919,0.0,0.0588,-3.211,0.0921,129.961,0.783,224793.0,0.0,0.0,0,0,1,0,0,0,0,0,0,0,0,0,0,1,0,1,0
9MUSES,0.0628,0.581,0.944,0.0,0.166,-2.439,0.0667,142.97,0.947,177672.0,0.0,0.0,0,1,0,0,0,0,0,0,0,0,0,0,1,0,0,1,0
T-ARA,0.0102,0.756,0.835,2.13e-06,0.05,-3.697,0.04,127.986,0.506,228725.0,0.0,0.0,0,1,0,0,0,0,0,0,0,0,0,0,1,0,0,1,0
EXO,0.145,0.681,0.814,0.0,0.556,-2.83,0.0603,89.993,0.876,207053.0,1.0,0.0,0,0,0,0,0,0,0,0,0,0,0,1,1,0,0,1,0
Trouble Maker,0.39,0.694,0.9,4.81e-06,0.27,-3.31,0.0393,117.94,0.6,218697.0,1.0,0.0,0,0,1,0,0,0,0,0,0,0,0,0,1,0,0,1,0
BESTie,0.0627,0.756,0.899,0.0,0.118,-3.184,0.031,122.98,0.914,192070.0,0.0,0.0,0,0,0,0,0,0,0,1,0,0,0,0,1,0,0,1,0
9MUSES,0.0253,0.698,0.94,0.0,0.25,-2.551,0.086,132.933,0.839,184660.0,0.0,0.0,0,0,0,1,0,0,0,0,0,0,0,0,1,0,0,1,0
SISTAR,0.176,0.719,0.945,0.0,0.576,-2.085,0.0424,136.045,0.961,201326.0,1.0,0.0,0,0,0,0,0,0,0,1,0,0,0,0,1,0,0,1,0
9MUSES,0.109,0.644,0.928,1.69e-06,0.22,-2.662,0.0954,110.011,0.838,206498.0,0.0,0.5,0,1,0,0,0,0,0,0,0,0,0,0,1,0,0,1,0
AOA,0.313,0.832,0.862,0.0,0.176,-2.675,0.112,116.996,0.699,222940.0,0.0,0.1,0,0,0,0,0,0,0,0,0,0,0,1,1,0,0,1,0
ZHOUMI,0.0164,0.808,0.638,0.0,0.104,-4.834,0.0614,97.942,0.601,212034.0,0.0,0.0,0,0,0,0,0,0,0,1,0,0,0,0,0,1,0,1,0
Gain,0.351,0.857,0.639,1.53e-05,0.0873,-5.508,0.0394,128.051,0.834,217078.0,0.0,0.0,0,0,0,0,0,0,0,0,0,0,0,1,1,0,0,1,0
SOYOU,0.446,0.738,0.676,0.0,0.253,-3.025,0.0507,95.04,0.961,211375.0,1.0,-0.4,0,0,0,0,0,0,0,0,0,0,0,1,1,0,0,1,0
INFINITE,0.0581,0.604,0.973,1.49e-06,0.232,-1.324,0.0543,122.064,0.804,196885.0,0.0,0.0,0,0,0,0,0,0,0,0,0,0,0,1,1,0,0,1,0
WINNER,0.146,0.568,0.698,0.0,0.262,-6.618,0.0445,90.119,0.568,220358.0,0.0,0.0,1,0,0,0,0,0,0,0,0,0,0,0,0,1,0,1,0
Lee Michelle,0.134,0.525,0.836,6.4e-06,0.0976,-3.961,0.0518,154.071,0.599,217992.0,0.0,0.0,0,0,0,0,0,0,0,0,1,0,0,0,0,1,0,1,0
VIXX,0.13,0.586,0.942,0.0,0.217,-2.791,0.0848,129.088,0.366,183979.0,0.0,0.0,1,0,0,0,0,0,0,0,0,0,0,0,1,0,0,1,0
Beast,0.346,0.637,0.792,0.0,0.0743,-2.932,0.033,99.909,0.536,233848.0,0.0,-0.1,0,1,0,0,0,0,0,0,0,0,0,0,0,1,1,0,0
BTOB,0.102,0.818,0.889,0.0,0.366,-1.359,0.0793,115.976,0.963,206106.0,0.0,0.0,0,0,0,0,0,0,0,0,0,0,0,1,1,0,0,1,0
Block B,0.0575,0.69,0.952,0.0,0.0538,-2.011,0.345,130.069,0.726,193302.0,0.0,0.0,0,0,0,0,0,0,0,0,0,1,0,0,1,0,0,1,0
BTOB,0.0897,0.717,0.924,0.0,0.123,-2.469,0.0895,90.03,0.829,208718.0,0.0,0.0,0,0,0,0,0,1,0,0,0,0,0,0,1,0,0,1,0
GD X TAEYANG,0.000875,0.745,0.825,0.000218,0.0828,-3.162,0.0352,95.001,0.242,245192.0,0.0,0.8,0,1,0,0,0,0,0,0,0,0,0,0,1,0,0,1,0
Spica,0.44,0.547,0.884,0.0,0.096,-2.853,0.0747,88.054,0.592,204947.0,0.0,0.0,0,0,1,0,0,0,0,0,0,0,0,0,0,1,0,1,0
Bob Girls,0.34,0.758,0.839,0.0,0.108,-4.007,0.0542,105.038,0.716,216967.0,0.0,0.0,0,0,0,0,0,0,1,0,0,0,0,0,0,1,0,1,0
U-KISS,0.0711,0.693,0.801,0.0,0.143,-5.746,0.0501,95.022,0.825,250906.0,0.0,0.7,0,0,0,0,0,0,0,0,0,1,0,0,1,0,0,1,0
Jun Hyo Seong,0.0725,0.731,0.788,0.0,0.389,-4.624,0.0904,133.01,0.674,205598.0,0.0,0.0,0,0,0,0,1,0,0,0,0,0,0,0,1,0,0,1,0
AOA,0.307,0.743,0.883,0.0,0.304,-2.016,0.0374,109.979,0.881,214589.0,0.0,0.0,0,0,0,0,0,0,0,0,0,0,0,1,0,1,0,1,0
BTS,0.116,0.612,0.993,0.0,0.307,-1.895,0.24,98.004,0.487,265602.0,0.0,0.0,0,0,0,0,0,0,0,0,0,1,0,0,0,1,0,1,0
Beast,0.094,0.565,0.938,0.0,0.307,-2.756,0.106,100.043,0.577,202162.0,0.0,0.0,0,0,0,0,0,0,0,0,0,0,1,0,1,0,0,1,0
Orange Caramel,0.0932,0.746,0.951,0.00061,0.0576,-1.506,0.1,128.994,0.836,200160.0,0.0,0.0,0,0,0,0,0,0,1,0,0,0,0,0,0,1,0,1,0
GOT7,0.00837,0.709,0.803,0.0,0.11,-3.681,0.0316,102.947,0.436,182613.0,0.0,0.0,0,0,0,0,0,0,0,1,0,0,0,0,1,0,0,1,0
Girl's Day,0.6,0.521,0.832,0.0,0.12,-5.145,0.143,171.679,0.417,217108.0,0.0,0.7,0,0,0,0,0,0,0,0,1,0,0,0,0,1,0,1,0
K.Will,0.374,0.781,0.896,0.0,0.31,-2.264,0.0791,111.028,0.839,210250.0,0.0,0.0,0,0,0,0,0,0,0,1,0,0,0,0,0,1,0,1,0
2PM,0.0447,0.741,0.896,0.0,0.389,-2.445,0.104,123.018,0.886,239262.0,0.0,0.0,0,0,0,1,0,0,0,0,0,0,0,0,1,0,0,1,0
Orange Caramel,0.0325,0.69,0.931,4.37e-05,0.199,-2.061,0.0298,126.983,0.957,193154.0,1.0,0.0,0,0,0,0,1,0,0,0,0,0,0,0,1,0,0,1,0
LADIES' CODE,0.0212,0.807,0.888,0.000813,0.567,-1.729,0.0743,130.03,0.969,211838.0,0.0,0.0,0,0,0,0,0,0,1,0,0,0,0,0,1,0,0,1,0
B.A.P,0.0832,0.613,0.931,0.0,0.139,-1.84,0.0427,126.984,0.727,205714.0,0.0,-0.75,0,0,1,0,0,0,0,0,0,0,0,0,0,1,0,1,0
VIXX,0.0636,0.563,0.931,0.0,0.0952,-2.436,0.052,128.019,0.274,225494.0,0.0,0.0,0,0,0,0,0,1,0,0,0,0,0,0,1,0,0,1,0
4Minute,0.185,0.817,0.95,0.0,0.337,-1.991,0.0458,133.041,0.97,206028.0,0.0,0.0,0,0,0,0,0,0,0,0,0,0,0,1,1,0,0,1,0
SUPER JUNIOR,0.0575,0.61,0.821,0.0,0.165,-5.085,0.0562,107.03,0.246,224279.0,0.0,0.0,0,0,0,0,0,0,0,1,0,0,0,0,1,0,0,1,0
Ji Yeon,0.187,0.68,0.759,0.0,0.372,-5.36,0.0526,81.008,0.672,210313.0,0.0,0.0,0,0,0,0,0,0,0,0,0,0,1,0,1,0,0,1,0
LADIES' CODE,0.405,0.705,0.948,0.0,0.258,-2.529,0.0684,130.016,0.614,218623.0,0.0,0.0,0,0,0,0,0,1,0,0,0,0,0,0,0,1,0,1,0
DIA,0.0698,0.753,0.768,0.000109,0.632,-2.268,0.0425,117.998,0.674,221309.0,0.0,0.0,0,0,0,0,0,0,0,0,0,0,0,1,1,0,0,1,0
2NE1,0.152,0.584,0.901,0.0,0.184,-2.22,0.155,130.178,0.612,231519.0,0.0,0.0,0,0,0,0,0,0,0,0,1,0,0,0,1,0,0,1,0
HyunA,0.0027,0.586,0.916,0.0,0.402,-1.83,0.0712,163.787,0.537,199889.0,1.0,1.0,0,0,0,0,0,0,0,0,0,1,0,0,0,1,0,1,0
GOT7,0.00886,0.576,0.612,0.0,0.0524,-3.804,0.046,178.314,0.686,196701.0,0.0,-0.4,0,0,0,0,0,0,0,1,0,0,0,0,0,1,0,1,0
AILEE,0.0301,0.722,0.909,0.0,0.314,-1.919,0.105,110.053,0.629,204408.0,0.0,0.0,1,0,0,0,0,0,0,0,0,0,0,0,1,0,0,1,0
INFINITE,0.223,0.563,0.81,0.0,0.118,-3.766,0.0671,128.073,0.66,233901.0,0.0,0.0,0,0,0,0,1,0,0,0,0,0,0,0,1,0,0,1,0
SONAMOO,0.00854,0.832,0.781,1.31e-06,0.363,-4.188,0.0387,108.047,0.418,205232.0,0.0,0.0,0,1,0,0,0,0,0,0,0,0,0,0,0,1,0,1,0
EXO-K,0.0615,0.498,0.917,0.0,0.358,-1.797,0.164,112.357,0.652,205612.0,1.0,0.0,0,0,0,0,0,1,0,0,0,0,0,0,1,0,0,0,1
BTS,0.00262,0.491,0.947,0.0,0.34,-2.252,0.306,166.247,0.473,230778.0,0.0,0.0,1,0,0,0,0,0,0,0,0,0,0,0,0,1,0,1,0
Block B,0.0453,0.646,0.897,0.0,0.114,-2.057,0.193,162.017,0.86,179053.0,1.0,0.0,0,0,0,0,0,0,0,0,1,0,0,0,0,1,0,1,0
BTS,0.000907,0.738,0.868,0.000215,0.275,-3.363,0.0703,111.992,0.378,245140.0,0.0,0.0,0,1,0,0,0,0,0,0,0,0,0,0,0,1,0,1,0
T-ARA,0.00207,0.657,0.867,0.000457,0.117,-3.95,0.0459,127.987,0.737,235628.0,0.0,0.0,0,0,1,0,0,0,0,0,0,0,0,0,0,1,0,1,0
TVXQ!,0.0546,0.68,0.985,0.0228,0.115,-0.47,0.177,154.942,0.67,241376.0,0.0,0.0,0,0,1,0,0,0,0,0,0,0,0,0,1,0,0,1,0
Girls' Generation,0.328,0.726,0.755,0.0,0.144,-3.67,0.071,120.045,0.621,193950.0,0.0,0.0,0,0,0,0,0,0,1,0,0,0,0,0,1,0,0,1,0
AOA,0.103,0.701,0.968,0.0,0.832,-0.913,0.078,100.009,0.913,219533.0,0.0,0.4,0,1,0,0,0,0,0,0,0,0,0,0,0,1,0,1,0
BESTie,0.0572,0.795,0.859,0.0,0.352,-2.83,0.0436,107.013,0.761,192800.0,0.0,0.0,0,0,0,0,0,0,0,0,0,0,0,1,0,1,0,1,0
Song Ji Eun,0.124,0.768,0.852,0.0,0.202,-2.78,0.0496,113.01,0.773,205258.0,0.0,0.0,0,0,0,0,0,0,0,0,1,0,0,0,0,1,0,1,0
SISTAR,0.0437,0.633,0.915,0.0,0.107,-2.347,0.106,128.033,0.622,206500.0,1.0,0.0,0,0,0,0,0,0,0,0,0,1,0,0,0,1,0,1,0
SUPER JUNIOR,0.076,0.71,0.897,0.0,0.217,-3.57,0.0417,114.982,0.615,215102.0,0.0,0.26,0,0,0,0,0,1,0,0,0,0,0,0,0,1,0,1,0
ZICO,0.0298,0.736,0.806,0.0,0.0847,-2.709,0.328,119.936,0.763,183996.0,0.0,0.0,0,0,0,0,0,0,0,1,0,0,0,0,0,1,0,0,1
PSY,0.0371,0.792,0.828,0.0,0.278,-3.099,0.0423,126.989,0.721,223215.0,0.0,0.0,0,0,0,0,0,0,0,1,0,0,0,0,1,0,0,1,0
TWICE,0.00809,0.732,0.935,0.000598,0.128,-0.948,0.0387,136.979,0.816,206546.0,0.0,0.5,0,0,0,0,0,0,0,1,0,0,0,0,0,1,0,1,0
MAMAMOO,0.128,0.729,0.893,0.0,0.167,-1.896,0.0476,104.977,0.453,214088.0,0.0,0.0,0,0,0,0,0,0,0,1,0,0,0,0,0,1,0,1,0
AMBER,0.764,0.633,0.262,0.0,0.121,-11.516,0.0361,99.978,0.471,177336.0,0.0,0.0,0,0,0,0,1,0,0,0,0,0,0,0,0,1,0,1,0
BIGBANG,0.404,0.648,0.681,0.0,0.329,-4.251,0.0937,89.947,0.488,219429.0,0.0,0.0,1,0,0,0,0,0,0,0,0,0,0,0,1,0,0,1,0
B.A.P,0.0549,0.483,0.922,0.0,0.0906,-4.328,0.234,165.157,0.642,189440.0,0.0,0.0,0,0,0,0,0,0,0,0,0,0,0,1,0,1,0,1,0
MONSTA X,0.0754,0.683,0.893,0.0,0.226,-3.086,0.162,146.082,0.909,231952.0,1.0,0.85,0,0,0,0,0,1,0,0,0,0,0,0,1,0,0,1,0
HELLOVENUS,0.0375,0.705,0.986,0.0,0.0989,-2.202,0.047,131.988,0.68,202858.0,0.0,0.0,0,0,0,0,0,0,0,0,0,0,1,0,0,1,0,1,0
2PM,0.00148,0.557,0.739,0.0,0.0663,-3.686,0.254,176.001,0.768,187644.0,0.0,0.20000000000000004,0,0,0,0,0,0,1,0,0,0,0,0,1,0,0,1,0
miss A,0.0526,0.638,0.773,0.0,0.276,-3.155,0.132,168.077,0.438,198009.0,0.0,0.0,1,0,0,0,0,0,0,0,0,0,0,0,0,1,0,1,0
KARA,0.00532,0.768,0.845,2.43e-06,0.0916,-2.567,0.0644,122.003,0.861,205793.0,0.0,-0.5,0,0,0,0,0,0,1,0,0,0,0,0,1,0,0,1,0
HELLOVENUS,0.0629,0.817,0.816,0.0,0.32,-5.152,0.181,101.001,0.832,203821.0,0.0,0.0,0,0,0,0,0,0,0,0,0,0,0,1,1,0,0,1,0
INFINITE,0.277,0.584,0.902,0.0,0.347,-4.336,0.0599,100.033,0.58,246453.0,0.0,0.0,0,0,0,0,0,0,0,1,0,0,0,0,1,0,0,1,0
LABOUM,0.045,0.855,0.614,0.000382,0.0804,-4.001,0.0452,124.051,0.955,206995.0,0.0,0.0,0,0,0,0,0,0,0,1,0,0,0,0,0,1,0,1,0
TEEN TOP,0.0314,0.674,0.833,0.0,0.0752,-3.824,0.0543,128.031,0.41,200217.0,0.0,-0.07142857142857142,0,0,0,0,0,0,0,0,0,0,0,1,0,1,0,1,0
iKON,0.247,0.665,0.771,0.0,0.112,-4.149,0.0791,75.003,0.331,231628.0,0.0,-0.28181818181818175,0,0,0,0,0,0,1,0,0,0,0,0,0,1,0,1,0
B1A4,0.103,0.647,0.87,0.0,0.0588,-4.249,0.0305,116.969,0.722,248987.0,0.0,0.0,1,0,0,0,0,0,0,0,0,0,0,0,0,1,0,1,0
SONAMOO,0.117,0.612,0.901,0.0,0.175,-2.435,0.0873,175.955,0.702,211972.0,0.0,0.0,0,0,0,0,0,0,0,0,0,0,1,0,1,0,0,1,0
Girls' Generation,0.0154,0.714,0.852,0.0,0.135,-2.76,0.274,133.989,0.565,225173.0,0.0,0.0,0,0,0,0,0,0,0,0,0,1,0,0,1,0,0,1,0
4Minute,0.482,0.574,0.767,0.0,0.338,-4.233,0.0748,172.039,0.541,218520.0,0.0,0.35,0,0,0,0,0,0,0,0,0,0,0,1,0,1,0,1,0
9MUSES,0.157,0.678,0.887,1.82e-05,0.09,-2.966,0.0388,124.992,0.695,205167.0,0.0,0.0,0,0,1,0,0,0,0,0,0,0,0,0,1,0,0,1,0
AILEE,0.073,0.685,0.921,1.88e-05,0.116,-2.357,0.142,106.95,0.601,205813.0,0.0,0.0,0,0,0,0,0,0,0,0,1,0,0,0,1,0,0,1,0
PRODUCE 101,0.029,0.685,0.935,0.00483,0.519,-2.056,0.125,128.024,0.622,226875.0,0.0,-0.6,0,0,0,0,0,0,0,0,0,1,0,0,0,1,0,1,0
BTOB,0.543,0.581,0.777,0.0,0.359,-4.74,0.0457,75.995,0.532,253187.0,0.0,0.0,0,0,0,0,0,0,0,0,0,0,1,0,0,1,0,1,0
Purfles,0.122,0.843,0.752,2.12e-06,0.159,-2.836,0.0869,120.049,0.724,191220.0,0.0,0.6,0,0,0,0,0,0,0,0,0,0,0,1,0,1,0,1,0
PLAYBACK,0.0688,0.663,0.817,5.92e-05,0.0258,-3.823,0.167,171.988,0.926,192157.0,0.0,0.0,0,0,0,0,0,0,0,1,0,0,0,0,1,0,0,1,0
Gain,0.158,0.563,0.775,7.16e-05,0.282,-3.341,0.0511,141.876,0.434,210613.0,0.0,0.5,0,0,0,0,0,1,0,0,0,0,0,0,1,0,0,1,0
Girls' Generation,0.111,0.753,0.887,1.43e-05,0.0729,-2.975,0.0359,122.981,0.946,193814.0,0.0,-0.6999999999999998,0,0,0,0,0,0,0,0,0,0,1,0,1,0,0,1,0
BIGBANG,0.0084,0.687,0.63,0.0,0.208,-4.914,0.0401,140.011,0.402,169482.0,0.0,0.0,1,0,0,0,0,0,0,0,0,0,0,0,0,1,0,1,0
GOT7,0.233,0.76,0.781,0.0,0.106,-2.881,0.0641,95.97,0.736,222399.0,0.0,0.0,0,0,0,0,0,0,0,0,0,0,0,1,1,0,0,1,0
SUPER JUNIOR,0.133,0.773,0.865,0.0,0.052,-3.027,0.114,145.003,0.968,216585.0,1.0,0.0,0,0,0,0,1,0,0,0,0,0,0,0,1,0,0,1,0
THE ARK,0.0659,0.648,0.86,0.0,0.25,-3.815,0.106,89.962,0.585,181503.0,0.0,0.0,0,0,0,0,0,0,0,1,0,0,0,0,0,1,0,1,0
Girl's Day,0.152,0.456,0.956,0.0,0.072,-2.385,0.157,198.101,0.811,198947.0,0.0,0.2857142857142857,0,0,0,0,1,0,0,0,0,0,0,0,1,0,0,1,0
BTS,0.0483,0.619,0.889,0.0,0.324,-3.108,0.219,77.058,0.622,240021.0,0.0,0.0,0,0,0,0,0,0,0,0,0,0,1,0,1,0,0,1,0
HyunA,0.00472,0.843,0.833,0.00114,0.29,-3.32,0.226,102.128,0.681,202547.0,1.0,0.4,0,0,0,0,1,0,0,0,0,0,0,0,1,0,0,1,0
T-ARA,0.14,0.7,0.979,0.000131,0.197,-0.316,0.0374,133.987,0.962,199234.0,0.0,0.0,0,0,0,0,0,1,0,0,0,0,0,0,1,0,0,1,0
CLC,0.0684,0.879,0.846,0.0,0.0816,-2.31,0.0374,129.984,0.966,197506.0,0.0,0.0,0,0,0,0,1,0,0,0,0,0,0,0,1,0,0,1,0
Block B - BASTARZ,0.0783,0.579,0.938,0.0,0.385,-3.136,0.223,157.02,0.632,193692.0,0.0,0.0,0,1,0,0,0,0,0,0,0,0,0,0,0,1,0,1,0
SHINee,0.04,0.728,0.801,0.0,0.0415,-4.428,0.0439,123.953,0.656,190821.0,1.0,0.0,0,0,0,0,0,0,1,0,0,0,0,0,1,0,0,1,0
BIGBANG,0.524,0.669,0.447,0.0,0.167,-6.271,0.0305,141.808,0.17,264281.0,0.0,0.0,0,1,0,0,0,0,0,0,0,0,0,0,0,1,0,1,0
Dalshabet,0.378,0.788,0.893,0.0,0.0649,-1.903,0.0572,126.042,0.884,177032.0,0.0,0.0,0,0,0,0,0,1,0,0,0,0,0,0,1,0,0,1,0
VIXX,0.0955,0.728,0.941,0.0,0.328,-2.044,0.188,92.073,0.923,192922.0,0.0,0.0,0,0,0,0,0,0,0,0,0,1,0,0,1,0,0,1,0
JONGHYUN,0.0697,0.447,0.882,0.0,0.0958,-3.772,0.37,180.971,0.628,221183.0,0.0,0.0,0,1,0,0,0,0,0,0,0,0,0,0,0,1,0,1,0
J.Y. Park,0.0264,0.697,0.83,0.0,0.204,-3.818,0.172,115.004,0.525,221123.0,0.0,0.0,0,1,0,0,0,0,0,0,0,0,0,0,0,1,0,1,0
HISTORY,0.0228,0.475,0.922,0.0,0.0573,-2.925,0.225,142.763,0.61,195240.0,0.0,0.0,0,1,0,0,0,0,0,0,0,0,0,0,0,1,0,1,0
BoA,0.0989,0.694,0.697,2.12e-06,0.297,-3.816,0.0953,100.001,0.657,226083.0,0.0,-0.55,0,0,0,0,0,0,0,0,0,0,0,1,1,0,0,1,0
AOA,0.137,0.661,0.97,0.0,0.887,-1.802,0.091,125.993,0.773,196522.0,1.0,0.0,1,0,0,0,0,0,0,0,0,0,0,0,0,1,0,1,0
BIGBANG,0.0192,0.694,0.832,0.0,0.355,-3.038,0.0598,135.011,0.424,220238.0,0.0,0.0,0,0,0,0,0,1,0,0,0,0,0,0,1,0,0,1,0
BLACKPINK,0.0392,0.706,0.756,0.0,0.18,-4.405,0.0845,97.098,0.676,197289.0,1.0,0.0,0,0,0,0,1,0,0,0,0,0,0,0,1,0,0,1,0
TAEYEON,0.0702,0.615,0.879,0.0,0.0581,-3.275,0.0377,105.026,0.315,207777.0,1.0,0.0,0,0,0,0,0,0,1,0,0,0,0,0,1,0,0,1,0
Dalshabet,0.3,0.742,0.971,0.0,0.04,-1.687,0.0671,121.005,0.964,200768.0,0.0,0.0,0,0,0,0,0,0,1,0,0,0,0,0,0,1,0,1,0
Red Velvet,0.055,0.726,0.903,0.000225,0.158,-2.277,0.0357,129.986,0.958,211244.0,1.0,0.0,0,0,0,0,0,0,0,1,0,0,0,0,1,0,0,1,0
BTS,0.0244,0.584,0.885,0.0,0.357,-3.571,0.104,92.9,0.605,217052.0,1.0,0.0,1,0,0,0,0,0,0,0,0,0,0,0,1,0,0,1,0
EXO,0.0066,0.618,0.76,0.0,0.127,-4.312,0.0596,150.0,0.541,221341.0,1.0,0.0,0,0,0,0,0,0,1,0,0,0,0,0,0,1,0,1,0
4Minute,0.0474,0.686,0.902,1.02e-06,0.201,-3.78,0.163,149.96,0.615,216333.0,1.0,0.0,0,0,0,0,0,0,1,0,0,0,0,0,1,0,0,1,0
GFRIEND,0.0438,0.642,0.957,0.0,0.273,-0.944,0.05,125.008,0.801,193580.0,1.0,0.0,0,0,0,0,0,0,1,0,0,0,0,0,1,0,0,1,0
PENTAGON,0.0998,0.808,0.914,0.0,0.163,-2.087,0.0497,103.994,0.824,185000.0,0.0,0.0,0,0,1,0,0,0,0,0,0,0,0,0,0,1,0,1,0
TAEMIN,0.186,0.656,0.78,0.0,0.209,-3.609,0.058,120.021,0.613,226258.0,1.0,-0.8,0,0,0,0,0,0,0,0,0,0,1,0,1,0,0,1,0
SNUPER,0.000929,0.652,0.934,0.0,0.104,-3.531,0.0383,147.95,0.706,188845.0,0.0,0.0,1,0,0,0,0,0,0,0,0,0,0,0,1,0,0,1,0
BTS,0.0269,0.613,0.822,0.0,0.0783,-3.48,0.062,139.936,0.54,196506.0,1.0,0.0,0,1,0,0,0,0,0,0,0,0,0,0,0,1,0,1,0
SEVENTEEN,0.0173,0.642,0.931,0.0,0.0815,-2.82,0.163,155.088,0.884,207300.0,1.0,0.0,0,0,0,0,0,0,0,0,1,0,0,0,0,1,0,1,0
GOT7,0.201,0.604,0.905,0.0,0.345,-1.87,0.165,132.974,0.718,191576.0,0.0,0.0,0,0,0,0,0,0,0,1,0,0,0,0,0,1,0,1,0
Two X,0.0191,0.629,0.879,0.0,0.0526,-3.12,0.0694,144.965,0.918,202176.0,0.0,0.5,0,0,1,0,0,0,0,0,0,0,0,0,1,0,0,1,0
Brave Girls,0.165,0.718,0.974,0.0,0.352,-2.462,0.0868,132.045,0.967,180062.0,0.0,0.0,0,0,0,0,0,0,0,0,0,0,0,1,1,0,0,1,0
SEVENTEEN,0.0526,0.746,0.898,0.0,0.0858,-2.818,0.0725,121.967,0.879,192093.0,1.0,0.25,0,0,0,1,0,0,0,0,0,0,0,0,1,0,0,1,0
I.O.I,0.136,0.744,0.963,1.86e-06,0.0836,-1.525,0.0616,102.985,0.788,203640.0,1.0,0.8,0,0,0,0,0,0,0,1,0,0,0,0,0,1,0,1,0
EXO-CBX,0.0662,0.532,0.859,0.0,0.684,-4.106,0.142,118.919,0.934,199796.0,1.0,0.0,0,1,0,0,0,0,0,0,0,0,0,0,0,1,0,1,0
2PM,0.108,0.57,0.945,0.0,0.104,-1.72,0.0722,159.899,0.51,208573.0,0.0,0.0,0,1,0,0,0,0,0,0,0,0,0,0,1,0,0,1,0
BerryGood,0.261,0.648,0.824,1.91e-06,0.308,-3.585,0.0785,130.044,0.315,198141.0,0.0,0.78,1,0,0,0,0,0,0,0,0,0,0,0,0,1,0,1,0
CHANYEOL,0.431,0.558,0.526,0.0,0.126,-4.686,0.033,124.709,0.202,192441.0,1.0,0.26,1,0,0,0,0,0,0,0,0,0,0,0,1,0,0,1,0
SHINee,0.0635,0.694,0.879,0.0,0.0478,-3.765,0.0515,108.045,0.84,203885.0,0.0,0.0,0,0,0,0,0,1,0,0,0,0,0,0,1,0,0,1,0
LOONA,0.392,0.602,0.579,0.0,0.0947,-4.657,0.0306,116.019,0.216,187649.0,0.0,0.0,0,0,0,0,1,0,0,0,0,0,0,0,1,0,0,1,0
INFINITE,0.0291,0.655,0.78,0.0,0.14,-3.167,0.124,117.999,0.344,240280.0,0.0,0.0,0,0,1,0,0,0,0,0,0,0,0,0,1,0,0,1,0
PENTAGON,0.113,0.728,0.84,0.0,0.0892,-3.459,0.094,94.984,0.647,196911.0,0.0,0.0,0,0,1,0,0,0,0,0,0,0,0,0,0,1,0,1,0
SNUPER,0.0149,0.614,0.97,0.0,0.271,-3.601,0.0942,128.014,0.548,206500.0,0.0,0.0,0,0,0,0,0,0,0,1,0,0,0,0,1,0,0,1,0
Beast,0.299,0.492,0.866,0.0,0.363,-1.85,0.047,199.95,0.577,234799.0,0.0,0.0,1,0,0,0,0,0,0,0,0,0,0,0,0,1,1,0,0
Agust D,0.000833,0.657,0.751,1.05e-05,0.158,-3.889,0.185,94.987,0.43,149525.0,1.0,0.0,0,0,0,0,0,0,0,0,0,0,0,1,0,1,0,1,0
BLACKPINK,0.00268,0.661,0.836,0.0,0.497,-3.164,0.059,124.952,0.396,240793.0,1.0,0.0,0,0,0,0,0,1,0,0,0,0,0,0,1,0,0,1,0
MONSTA X,0.0127,0.515,0.973,0.0,0.0927,-2.525,0.0793,98.991,0.423,218836.0,0.0,0.0,0,0,0,0,0,0,1,0,0,0,0,0,0,1,0,1,0
TIFFANY,0.0128,0.72,0.754,0.0,0.616,-3.675,0.0481,114.054,0.195,209688.0,0.0,0.0,0,0,0,0,0,1,0,0,0,0,0,0,0,1,0,1,0
BLACKPINK,0.00561,0.818,0.723,0.0,0.0866,-4.82,0.114,102.945,0.607,211632.0,1.0,0.0,0,0,0,0,0,0,0,0,0,0,0,1,0,1,0,1,0
KNK,0.601,0.605,0.81,0.0,0.263,-5.654,0.0401,93.064,0.554,222080.0,0.0,0.0,0,0,0,0,0,0,0,1,0,0,0,0,1,0,0,1,0
Boys Republic,0.00564,0.642,0.87,0.0,0.207,-4.767,0.0975,74.986,0.703,194267.0,0.0,0.0,0,1,0,0,0,0,0,0,0,0,0,0,0,1,0,1,0
EXO,0.169,0.731,0.787,0.0,0.0892,-3.95,0.055,120.951,0.799,227486.0,1.0,0.0,0,1,0,0,0,0,0,0,0,0,0,0,0,1,0,1,0
RAINBOW,0.0555,0.702,0.963,0.0,0.399,-1.07,0.101,142.871,0.82,185060.0,0.0,0.0,0,0,0,0,0,1,0,0,0,0,0,0,1,0,0,1,0
ASTRO,0.143,0.769,0.979,0.0,0.492,-2.5,0.0603,113.997,0.801,199736.0,0.0,0.0,0,0,0,0,1,0,0,0,0,0,0,0,0,1,0,1,0
BIGBANG,0.147,0.716,0.763,0.0,0.271,-3.001,0.0945,90.101,0.575,231748.0,1.0,-0.15555555555555559,1,0,0,0,0,0,0,0,0,0,0,0,1,0,0,1,0
SF9,0.0241,0.682,0.867,1.32e-06,0.329,-3.122,0.0292,97.004,0.595,193734.0,0.0,0.3333333333333333,0,1,0,0,0,0,0,0,0,0,0,0,0,1,0,1,0
Wonder Girls,0.111,0.634,0.726,0.0,0.111,-5.086,0.133,155.161,0.809,206707.0,1.0,0.0,0,0,0,0,0,0,0,1,0,0,0,0,0,1,0,1,0
HISTORY,0.000419,0.55,0.893,0.0,0.264,-2.273,0.2,104.669,0.581,200430.0,0.0,0.0,0,0,0,0,0,0,0,1,0,0,0,0,0,1,0,1,0
MINO,0.0349,0.759,0.817,0.0,0.27,-3.102,0.0802,140.028,0.389,199336.0,1.0,0.0,0,0,0,0,0,0,0,0,0,1,0,0,1,0,0,1,0
BTS,0.00338,0.541,0.779,0.0,0.177,-5.581,0.033,94.069,0.501,215753.0,1.0,0.0,0,0,0,0,0,0,1,0,0,0,0,0,1,0,1,0,0
100%,0.0157,0.537,0.936,0.0,0.591,-3.231,0.0846,125.987,0.513,205000.0,0.0,-0.09999999999999998,0,0,0,0,1,0,0,0,0,0,0,0,1,0,0,1,0
BerryGood,0.0882,0.428,0.897,6.8e-06,0.14,-2.921,0.235,205.649,0.343,213844.0,0.0,0.0,0,0,0,0,0,0,0,0,1,0,0,0,0,1,0,1,0
APRIL,0.148,0.715,0.922,0.0,0.263,-2.652,0.0358,125.934,0.684,201184.0,0.0,0.0,1,0,0,0,0,0,0,0,0,0,0,0,0,1,0,1,0
LUNA,0.114,0.676,0.797,1.26e-06,0.344,-3.862,0.059,114.988,0.546,199824.0,0.0,0.0,0,0,0,0,0,0,0,0,0,0,0,1,1,0,0,1,0
TWICE,0.139,0.551,0.885,0.0,0.114,-1.489,0.124,172.95,0.509,208853.0,1.0,0.5,0,0,0,0,0,0,1,0,0,0,0,0,0,1,0,1,0
BTS,0.022,0.598,0.775,0.0,0.0677,-4.035,0.0545,129.819,0.687,223123.0,0.0,0.0,0,1,0,0,0,0,0,0,0,0,0,0,1,0,0,1,0
BLACKPINK,0.0688,0.786,0.853,0.0,0.0759,-2.687,0.0816,125.034,0.45,213264.0,0.0,0.0,0,0,0,0,0,0,0,0,1,0,0,0,0,1,0,1,0
CHANYEOL,0.431,0.558,0.526,0.0,0.126,-4.686,0.033,124.709,0.202,192441.0,1.0,0.4,1,0,0,0,0,0,0,0,0,0,0,0,1,0,0,1,0
EXO,0.0319,0.749,0.85,4.81e-05,0.0678,-4.346,0.0468,145.983,0.672,190423.0,1.0,0.0,1,0,0,0,0,0,0,0,0,0,0,0,0,1,0,1,0
BTS,0.0244,0.583,0.885,0.0,0.357,-3.571,0.106,92.959,0.601,217052.0,0.0,0.0,1,0,0,0,0,0,0,0,0,0,0,0,1,0,0,1,0
BLACKPINK,0.00264,0.658,0.836,1.02e-06,0.507,-3.282,0.0549,124.969,0.387,240849.0,0.0,0.0,0,0,0,0,0,1,0,0,0,0,0,0,1,0,0,1,0
Crush,0.843,0.416,0.41,0.0,0.107,-6.146,0.0292,110.252,0.219,227584.0,1.0,0.0,0,0,0,0,0,0,0,0,0,0,1,0,0,1,0,1,0
BTS,0.0063,0.539,0.846,1.68e-06,0.13,-3.192,0.0354,106.992,0.46,274097.0,0.0,0.0,0,0,0,0,0,0,0,0,1,0,0,0,0,1,0,1,0
BLACKPINK,0.0399,0.707,0.758,0.0,0.141,-4.511,0.0917,97.037,0.674,197355.0,0.0,0.0,0,0,0,0,1,0,0,0,0,0,0,0,1,0,0,1,0
KARD,0.0222,0.694,0.748,0.0,0.155,-2.93,0.167,92.918,0.521,208667.0,1.0,0.0,0,0,0,0,0,0,0,0,0,0,1,0,1,0,0,1,0
SEVENTEEN,0.164,0.781,0.683,1.53e-06,0.16,-4.258,0.0325,100.005,0.722,203427.0,1.0,0.85,1,0,0,0,0,0,0,0,0,0,0,0,0,1,0,1,0
BTS,0.00181,0.594,0.946,1.04e-06,0.923,-3.408,0.126,110.024,0.665,231860.0,0.0,0.0,0,0,0,0,0,0,0,0,1,0,0,0,0,1,0,1,0
BLACKPINK,0.00682,0.822,0.712,0.0,0.0955,-4.877,0.15,102.874,0.647,211696.0,0.0,0.0,0,0,0,0,0,0,0,0,0,0,0,1,0,1,0,1,0
KARD,0.0615,0.756,0.922,0.000462,0.0723,-2.683,0.0539,100.005,0.809,206773.0,1.0,0.0,0,1,0,0,0,0,0,0,0,0,0,0,0,1,0,1,0
EXO,0.284,0.692,0.886,0.0,0.341,-2.519,0.0519,100.03,0.879,211013.0,0.0,0.0,0,1,0,0,0,0,0,0,0,0,0,0,0,1,0,1,0
SUNMI,0.0556,0.722,0.833,0.0,0.195,-3.915,0.094,93.941,0.53,180000.0,1.0,0.0,0,0,0,0,0,0,1,0,0,0,0,0,0,1,0,1,0
Red Velvet,0.055,0.726,0.903,0.000225,0.158,-2.277,0.0357,129.986,0.958,211244.0,0.0,0.0,0,0,0,0,0,0,0,1,0,0,0,0,1,0,0,1,0
BTS,0.171,0.856,0.617,0.0,0.0857,-5.308,0.0841,136.082,0.759,235780.0,0.0,-0.033333333333333326,0,0,0,0,0,0,0,0,0,0,1,0,1,0,0,1,0
EXO,0.0223,0.636,0.702,0.0,0.293,-5.352,0.0334,135.104,0.516,176026.0,1.0,0.0,1,0,0,0,0,0,0,0,0,0,0,0,1,0,0,1,0
BLACKPINK,0.569,0.628,0.433,7.71e-06,0.104,-6.808,0.0383,88.074,0.343,230400.0,0.0,0.0,0,1,0,0,0,0,0,0,0,0,0,0,0,1,0,1,0
BTS,0.0272,0.579,0.896,1.02e-06,0.352,-2.781,0.224,153.991,0.678,240021.0,0.0,0.0,0,0,0,0,0,0,0,0,0,0,1,0,1,0,0,1,0
EXO,0.0618,0.798,0.867,0.0,0.193,-3.207,0.0386,99.996,0.702,189775.0,0.0,0.0,0,0,0,0,0,0,0,0,0,0,0,1,1,0,0,1,0
Red Velvet,0.0409,0.709,0.917,0.0,0.0839,-3.315,0.189,125.042,0.515,191139.0,1.0,0.0,0,0,0,0,0,0,0,0,0,1,0,0,0,1,0,1,0
I.O.I,0.146,0.745,0.965,2.29e-06,0.0796,-1.517,0.06,102.994,0.766,203640.0,0.0,0.0,0,0,0,0,0,0,0,1,0,0,0,0,0,1,0,1,0
IU,0.458,0.804,0.68,0.0,0.102,-3.81,0.2,102.013,0.62,217413.0,1.0,0.0,1,0,0,0,0,0,0,0,0,0,0,0,0,1,0,1,0
SEVENTEEN,0.0526,0.746,0.898,0.0,0.0858,-2.818,0.0725,121.967,0.879,192093.0,1.0,0.0,0,0,0,1,0,0,0,0,0,0,0,0,1,0,0,1,0
BTS,0.0298,0.651,0.756,0.0,0.396,-4.388,0.0762,121.96,0.473,227191.0,0.0,0.0,0,0,0,0,0,0,0,0,1,0,0,0,0,1,0,1,0
EXO,0.0315,0.657,0.943,0.0,0.149,-3.031,0.0856,127.958,0.76,222406.0,1.0,0.26,0,0,0,0,0,0,0,1,0,0,0,0,0,1,0,1,0
Jay Park,0.223,0.715,0.831,3.84e-06,0.132,-6.161,0.0729,100.006,0.805,223642.0,0.0,0.0,0,0,1,0,0,0,0,0,0,0,0,0,0,1,0,1,0
KARD,0.0491,0.726,0.758,0.0,0.077,-3.324,0.178,88.999,0.61,217738.0,0.0,0.78,0,0,0,0,0,0,0,0,1,0,0,0,0,1,0,1,0
BTS,0.00912,0.667,0.889,0.0,0.0816,-4.851,0.0918,169.959,0.541,238193.0,0.0,1.0,0,0,0,0,0,0,1,0,0,0,0,0,0,1,0,1,0
BIGBANG,0.467,0.621,0.673,0.0,0.323,-3.194,0.0606,143.889,0.289,279719.0,0.0,0.0,0,1,0,0,0,0,0,0,0,0,0,0,1,0,0,1,0
BTS,0.0184,0.475,0.897,0.0,0.296,-2.383,0.0736,78.918,0.642,210577.0,0.0,0.0,0,0,0,0,0,1,0,0,0,0,0,0,1,0,0,1,0
KARD,0.0135,0.843,0.807,6.44e-05,0.227,-3.794,0.0632,104.962,0.833,202963.0,1.0,0.0,0,1,0,0,0,0,0,0,0,0,0,0,1,0,0,1,0
Wanna One,0.058,0.714,0.886,0.0,0.112,-3.076,0.0461,125.046,0.752,189356.0,1.0,0.0,1,0,0,0,0,0,0,0,0,0,0,0,0,1,0,1,0
EXO,0.145,0.681,0.814,0.0,0.556,-2.83,0.0603,89.99,0.876,207053.0,0.0,0.0,0,0,0,0,0,0,0,0,0,0,0,1,1,0,0,1,0
MONSTA X,0.0702,0.611,0.918,0.0,0.194,-2.013,0.128,145.818,0.899,218431.0,0.0,0.0,0,0,0,0,0,1,0,0,0,0,0,0,1,0,0,1,0
BTS,0.142,0.612,0.844,0.0,0.287,-4.694,0.0756,134.868,0.653,196776.0,0.0,0.0,0,0,0,0,0,1,0,0,0,0,0,0,1,0,0,1,0
Red Velvet,0.0998,0.681,0.94,0.0,0.334,-3.367,0.3,164.035,0.889,197638.0,0.0,0.5,0,0,0,1,0,0,0,0,0,0,0,0,1,0,0,1,0
SEVENTEEN,0.0347,0.853,0.814,0.0,0.171,-3.047,0.0766,108.111,0.686,206227.0,1.0,0.0,0,0,0,0,0,0,0,0,1,0,0,0,0,1,0,1,0
BTS,0.2,0.583,0.712,0.0,0.268,-4.942,0.0326,94.051,0.776,245621.0,0.0,0.0,0,0,1,0,0,0,0,0,0,0,0,0,1,0,0,1,0
Wanna One,0.0461,0.642,0.849,0.0,0.398,-3.266,0.0563,127.923,0.601,214942.0,1.0,0.0,0,0,0,0,0,0,0,0,0,0,0,1,1,0,0,1,0
BTS,0.00128,0.649,0.875,0.0,0.0486,-2.88,0.0696,166.927,0.557,233185.0,0.0,0.0,0,0,0,0,0,0,0,0,0,1,0,0,0,1,0,1,0
BTS,0.317,0.481,0.927,0.0,0.0583,-5.704,0.27,88.931,0.448,228613.0,0.0,0.0,0,0,0,1,0,0,0,0,0,0,0,0,0,1,0,1,0
MONSTA X,0.129,0.625,0.9,0.0,0.337,-3.351,0.055,80.007,0.606,208036.0,0.0,0.0,1,0,0,0,0,0,0,0,0,0,0,0,0,1,0,1,0
EXO,0.00773,0.526,0.828,0.0,0.296,-3.82,0.143,110.182,0.663,221349.0,0.0,0.0,0,0,0,0,0,0,1,0,0,0,0,0,0,1,0,1,0
TAEYEON,0.0702,0.615,0.879,0.0,0.0581,-3.275,0.0377,105.026,0.315,207777.0,0.0,0.0,0,0,0,0,0,0,1,0,0,0,0,0,1,0,0,1,0
INFINITE,0.0291,0.655,0.78,0.0,0.14,-3.167,0.124,117.999,0.344,240280.0,0.0,0.0,0,0,1,0,0,0,0,0,0,0,0,0,1,0,0,1,0
OMJamie,0.303,0.642,0.572,0.0,0.0891,-4.312,0.0523,135.975,0.723,197647.0,0.0,0.0,0,0,0,0,0,0,0,0,0,0,1,0,1,0,0,1,0
BOBBY,0.0995,0.763,0.83,0.0,0.0708,-4.407,0.0975,111.985,0.592,210327.0,0.0,0.0,0,0,1,0,0,0,0,0,0,0,0,0,0,1,0,1,0
BTS,0.00267,0.557,0.719,0.0,0.306,-4.515,0.0371,77.502,0.345,242334.0,1.0,0.0,0,0,1,0,0,0,0,0,0,0,0,0,1,0,0,1,0
BLACKPINK,0.036,0.668,0.828,0.0,0.0932,-5.034,0.0739,140.042,0.393,211350.0,1.0,0.0,0,0,0,0,1,0,0,0,0,0,0,0,1,0,0,1,0
EXO,0.237,0.686,0.842,0.0,0.0683,-4.423,0.1,115.944,0.519,224483.0,1.0,0.0,1,0,0,0,0,0,0,0,0,0,0,0,0,1,0,1,0
TWICE,0.0987,0.574,0.909,0.0,0.264,-1.573,0.0658,169.966,0.569,208240.0,1.0,0.5,0,0,0,0,0,0,0,0,1,0,0,0,0,1,0,1,0
Red Velvet,0.191,0.714,0.736,0.0,0.0553,-3.801,0.0457,149.985,0.814,210818.0,1.0,0.0,0,0,1,0,0,0,0,0,0,0,0,0,0,1,0,1,0
SEVENTEEN,0.164,0.781,0.683,1.53e-06,0.16,-4.258,0.0325,100.005,0.722,203427.0,1.0,0.0,1,0,0,0,0,0,0,0,0,0,0,0,0,1,0,1,0
BIGBANG,0.124,0.71,0.654,0.0,0.15,-4.765,0.0858,94.862,0.624,228632.0,1.0,0.0,0,1,0,0,0,0,0,0,0,0,0,0,1,0,0,1,0
iKON,0.331,0.806,0.707,0.0,0.294,-4.623,0.0307,118.009,0.746,209648.0,1.0,0.5,0,0,0,0,0,0,0,1,0,0,0,0,0,1,0,1,0
GOT7,0.015,0.727,0.888,0.0,0.113,-2.756,0.0881,129.993,0.726,217486.0,1.0,-0.6999999999999998,1,0,0,0,0,0,0,0,0,0,0,0,0,1,0,1,0
MONSTA X,0.135,0.571,0.779,0.0,0.202,-2.864,0.111,186.154,0.261,186296.0,1.0,0.0,0,0,0,0,0,0,0,0,1,0,0,0,0,1,0,1,0
MOMOLAND,0.0149,0.785,0.744,0.00666,0.0661,-4.249,0.0369,126.018,0.833,208863.0,1.0,0.0,0,0,0,1,0,0,0,0,0,0,0,0,1,0,0,1,0
SHINee,0.0251,0.679,0.829,0.0,0.068,-5.166,0.072,97.043,0.604,188678.0,0.0,0.5,0,0,0,0,0,0,0,0,0,0,1,0,1,0,0,1,0
NCT 127,0.218,0.653,0.836,0.0,0.0507,-6.018,0.238,151.977,0.569,199773.0,1.0,0.0,0,0,0,0,0,0,0,0,0,1,0,0,0,1,0,1,0
WINNER,0.167,0.765,0.77,0.0,0.0854,-3.16,0.0592,103.005,0.581,203057.0,1.0,0.0,0,0,1,0,0,0,0,0,0,0,0,0,0,1,0,1,0
SUPER JUNIOR,0.0705,0.746,0.738,0.0,0.043,-3.67,0.207,94.808,0.63,226184.0,1.0,0.0,0,0,0,0,0,0,0,0,0,1,0,0,0,1,0,1,0
Jay Park,0.377,0.403,0.724,0.0,0.0927,-6.064,0.246,97.133,0.428,216786.0,1.0,0.0,0,0,0,0,0,0,0,0,1,0,0,0,0,1,0,1,0
NCT,0.0233,0.787,0.543,0.0,0.0861,-6.7,0.037,99.026,0.332,210641.0,1.0,0.0,0,0,0,0,0,0,0,0,0,0,1,0,1,0,0,1,0
IU,0.241,0.839,0.617,0.0,0.3,-4.692,0.331,143.894,0.821,194426.0,1.0,0.2,0,0,0,0,0,0,0,1,0,0,0,0,0,1,0,1,0
j-hope,0.00512,0.749,0.961,0.0,0.175,-6.518,0.0874,116.037,0.859,228759.0,1.0,0.0,0,0,0,0,0,0,0,0,1,0,0,0,1,0,0,1,0
Wanna One,0.058,0.714,0.886,0.0,0.112,-3.076,0.0461,125.046,0.752,189356.0,1.0,0.0,1,0,0,0,0,0,0,0,0,0,0,0,0,1,0,1,0
SUNMI,0.0556,0.722,0.833,0.0,0.195,-3.915,0.094,93.941,0.53,180000.0,1.0,0.0,0,0,0,0,0,0,1,0,0,0,0,0,0,1,0,1,0
MAMAMOO,0.318,0.617,0.83,0.0,0.176,-3.312,0.0689,97.912,0.614,196018.0,1.0,0.0,0,0,0,1,0,0,0,0,0,0,0,0,1,0,0,1,0
DAY6,0.0683,0.583,0.916,0.0,0.0489,-1.396,0.149,167.933,0.732,175837.0,1.0,0.0,0,1,0,0,0,0,0,0,0,0,0,0,0,1,0,1,0
DEAN,0.196,0.463,0.566,0.0,0.284,-6.195,0.145,93.921,0.219,255729.0,1.0,0.5,0,0,0,0,0,0,0,0,1,0,0,0,0,1,0,1,0
Stray Kids,0.0577,0.682,0.83,0.0,0.0926,-4.234,0.254,155.122,0.784,189325.0,1.0,0.0,0,0,0,0,0,0,0,0,0,0,0,1,1,0,0,1,0
PENTAGON,0.411,0.74,0.804,0.0,0.0578,-2.187,0.0546,150.013,0.791,198796.0,1.0,0.0,0,0,0,1,0,0,0,0,0,0,0,0,0,1,0,1,0
(G)I-DLE,0.00427,0.774,0.792,1.15e-06,0.283,-4.019,0.224,98.1,0.505,202773.0,1.0,0.0,0,0,0,0,0,0,0,0,0,1,0,0,1,0,0,1,0
Girls' Generation-Oh!GG,0.0114,0.791,0.789,0.0,0.301,-4.694,0.104,112.11,0.669,189846.0,1.0,0.0,0,0,0,0,0,0,0,0,0,0,0,1,1,0,0,1,0
TAEYEON,0.15,0.679,0.88,3.87e-05,0.575,-2.344,0.239,98.022,0.789,200440.0,0.0,0.0,0,0,0,0,0,0,1,0,0,0,0,0,1,0,0,1,0
EXID,0.0806,0.718,0.794,0.0,0.0679,-2.877,0.0703,114.285,0.751,205821.0,1.0,0.0,0,0,0,0,0,0,0,0,0,0,0,1,1,0,0,1,0
KARD,0.163,0.727,0.808,0.0,0.187,-3.66,0.106,115.02,0.761,176632.0,0.0,0.0,0,0,0,0,0,0,0,0,0,0,0,1,0,1,0,1,0
GFRIEND,0.0491,0.728,0.925,0.0,0.313,-1.741,0.0862,129.984,0.88,198536.0,0.0,0.0,0,0,0,0,0,0,0,1,0,0,0,0,0,1,0,1,0
G-DRAGON,0.785,0.583,0.461,1.7e-05,0.13,-5.153,0.0321,79.826,0.263,222868.0,1.0,0.13636363636363635,0,0,0,0,1,0,0,0,0,0,0,0,0,1,0,1,0
LOONA,0.00841,0.59,0.941,0.0,0.402,-1.497,0.0555,98.986,0.581,194254.0,0.0,0.0,0,0,0,0,1,0,0,0,0,0,0,0,1,0,0,1,0
JONGHYUN,0.63,0.559,0.526,0.0,0.144,-6.183,0.0368,86.91,0.344,244451.0,1.0,0.0,0,0,0,1,0,0,0,0,0,0,0,0,0,1,0,1,0
HyunA,0.00117,0.742,0.847,8.49e-06,0.142,-2.763,0.0485,112.95,0.516,209747.0,1.0,0.0,0,0,0,0,0,0,0,0,0,0,0,1,1,0,0,1,0
2NE1,0.00767,0.819,0.844,0.00834,0.056,-3.739,0.038,127.997,0.687,208731.0,1.0,0.0,1,0,0,0,0,0,0,0,0,0,0,0,0,1,0,1,0
TAEMIN,0.0153,0.697,0.713,0.0,0.0857,-5.273,0.115,99.964,0.667,211949.0,1.0,0.5,0,0,0,0,0,0,0,0,1,0,0,0,1,0,0,1,0
EXO-CBX,0.00511,0.735,0.736,0.0,0.165,-3.266,0.277,117.975,0.813,199846.0,1.0,-0.09999999999999998,0,0,0,0,1,0,0,0,0,0,0,0,1,0,0,1,0
TAEYANG,0.736,0.63,0.516,0.0,0.264,-5.759,0.0379,143.786,0.254,229990.0,1.0,0.0,1,0,0,0,0,0,0,0,0,0,0,0,0,1,0,1,0
PSY,0.00417,0.727,0.937,0.0,0.091,-2.871,0.286,132.067,0.749,219493.0,1.0,1.0,0,0,0,0,0,0,0,0,0,0,0,1,1,0,0,1,0
Crush,0.843,0.416,0.41,0.0,0.107,-6.146,0.0292,110.252,0.219,227584.0,1.0,0.0,0,0,0,0,0,0,0,0,0,0,1,0,0,1,0,1,0
Eric Nam,0.0706,0.75,0.799,0.0,0.377,-2.788,0.0696,110.971,0.462,206848.0,0.0,0.0,1,0,0,0,0,0,0,0,0,0,0,0,1,0,0,1,0
CHANYEOL,0.431,0.558,0.526,0.0,0.126,-4.686,0.033,124.709,0.202,192441.0,1.0,0.0,1,0,0,0,0,0,0,0,0,0,0,0,1,0,0,1,0
BOL4,0.417,0.659,0.799,0.0,0.0562,-2.849,0.0629,103.991,0.782,181373.0,1.0,0.0,0,1,0,0,0,0,0,0,0,0,0,0,1,0,0,1,0
ZICO,0.234,0.855,0.58,0.0,0.0965,-6.951,0.141,96.998,0.518,219391.0,1.0,0.85,0,0,0,0,0,1,0,0,0,0,0,0,0,1,0,1,0
NCT DREAM,0.0138,0.893,0.77,0.0,0.225,-4.692,0.107,122.067,0.349,183293.0,1.0,0.6,0,0,0,0,0,0,0,0,1,0,0,0,0,1,0,1,0
HEIZE,0.0401,0.734,0.852,0.0,0.196,-3.85,0.0916,98.504,0.787,226128.0,1.0,0.0,0,0,1,0,0,0,0,0,0,0,0,0,0,1,0,1,0
VIXX,0.117,0.617,0.829,0.0,0.115,-3.884,0.078,150.064,0.706,184794.0,0.0,0.0,0,0,0,0,0,0,0,0,0,0,1,0,1,0,0,1,0
SuperM,0.0139,0.74,0.835,0.0,0.857,-3.425,0.0839,123.024,0.535,251293.0,1.0,0.0,0,0,0,0,0,0,0,0,0,0,1,0,1,0,0,1,0
TWICE,0.0296,0.709,0.959,0.00188,0.107,-1.339,0.0603,128.983,0.644,206868.0,1.0,0.0,0,1,0,0,0,0,0,0,0,0,0,0,0,1,0,1,0
SEVENTEEN,0.16,0.592,0.946,0.0,0.139,-2.699,0.327,146.037,0.705,175213.0,0.0,0.0,0,0,0,0,0,0,0,1,0,0,0,0,1,0,0,1,0
BTS,0.39,0.437,0.716,0.0,0.208,-4.306,0.05,170.094,0.307,253304.0,1.0,0.0,0,0,0,0,0,1,0,0,0,0,0,0,0,1,0,1,0
(G)I-DLE,0.0586,0.781,0.814,0.0,0.118,-3.315,0.0648,92.037,0.782,207600.0,1.0,0.0,0,0,0,0,0,0,0,0,0,0,0,1,1,0,0,1,0
Red Velvet,0.0028,0.68,0.878,2.22e-05,0.336,-4.791,0.179,127.991,0.531,190860.0,1.0,0.0,0,0,0,0,0,1,0,0,0,0,0,0,1,0,0,1,0
JEON SOMI,0.0163,0.687,0.843,9.96e-06,0.0372,-4.242,0.109,180.055,0.597,185796.0,0.0,0.35714285714285715,0,0,0,0,0,0,0,1,0,0,0,0,0,1,0,1,0
CHUNG HA,0.0706,0.751,0.726,3.42e-06,0.278,-3.499,0.038,104.914,0.581,213164.0,0.0,0.0,0,0,0,0,0,0,0,0,1,0,0,0,1,0,0,1,0
BTS,0.193,0.725,0.706,0.0,0.109,-4.766,0.121,120.042,0.667,216874.0,1.0,0.375,0,0,0,0,0,1,0,0,0,0,0,0,0,1,0,1,0
TWICE,0.0132,0.699,0.866,0.0,0.648,-2.138,0.0446,132.023,0.795,213886.0,0.0,0.0,0,0,0,0,0,1,0,0,0,0,0,0,1,0,0,1,0
BTS,0.0923,0.645,0.862,0.0,0.192,-4.757,0.0965,119.991,0.798,229773.0,0.0,0.0,0,0,0,0,0,0,0,0,0,0,0,1,1,0,0,1,0
BTS,0.125,0.58,0.858,0.0,0.0502,-5.212,0.114,174.039,0.475,224225.0,0.0,0.0,0,0,0,0,0,0,0,0,1,0,0,0,0,1,1,0,0
BLACKPINK,0.0992,0.628,0.64,0.0,0.138,-4.164,0.0491,129.815,0.409,201081.0,0.0,0.0,0,0,0,0,0,0,1,0,0,0,0,0,1,0,0,1,0
BLACKPINK,0.318,0.738,0.861,0.00182,0.325,-4.141,0.237,131.98,0.58,189052.0,0.0,0.375,0,0,1,0,0,0,0,0,0,0,0,0,0,1,0,1,0
1THE9,0.143,0.615,0.881,0.0,0.133,-4.011,0.0777,127.954,0.751,209312.0,0.0,0.0,0,0,0,0,0,0,0,0,0,1,0,0,1,0,0,1,0
MOMOLAND,0.11,0.856,0.946,8.98e-05,0.124,-2.238,0.0958,139.986,0.896,134101.0,0.0,0.0,1,0,0,0,0,0,0,0,0,0,0,0,0,1,0,1,0
HWANG MIN HYUN,0.177,0.598,0.772,0.0,0.178,-5.061,0.0793,97.986,0.493,201670.0,0.0,0.0,0,1,0,0,0,0,0,0,0,0,0,0,1,0,0,1,0
ITZY,0.00116,0.79,0.853,4.23e-05,0.329,-4.564,0.0666,125.0,0.713,199874.0,0.0,0.0,0,0,0,0,0,0,0,0,0,0,0,1,1,0,0,1,0
Dreamcatcher,0.18,0.507,0.869,0.0,0.474,-2.245,0.0594,170.043,0.507,206819.0,1.0,0.5,0,0,1,0,0,0,0,0,0,0,0,0,1,0,0,1,0
TAEMIN,0.0261,0.64,0.757,0.0,0.127,-5.532,0.0689,104.943,0.413,208968.0,1.0,0.0,0,0,0,0,0,0,0,1,0,0,0,0,0,1,0,1,0
LOONA,0.0427,0.582,0.866,0.00014,0.126,-4.139,0.0414,107.021,0.351,237756.0,0.0,0.0,0,0,0,0,0,0,0,1,0,0,0,0,1,0,0,1,0
Yoon Jisung,0.744,0.496,0.543,0.0,0.115,-5.654,0.0372,143.771,0.326,232110.0,0.0,0.0,0,0,0,1,0,0,0,0,0,0,0,0,0,1,0,1,0
PARK WOO JIN,0.39,0.791,0.738,0.0,0.335,-5.341,0.0878,97.033,0.755,200222.0,0.0,0.0,0,1,0,0,0,0,0,0,0,0,0,0,0,1,0,1,0
ASTRO,0.234,0.573,0.77,0.0,0.11,-4.622,0.184,150.064,0.578,223746.0,0.0,0.0,0,0,0,0,0,0,0,0,0,0,0,1,1,0,0,1,0
CLC,0.00785,0.76,0.722,0.000326,0.116,-4.429,0.0908,120.055,0.687,181976.0,1.0,0.0,0,0,0,0,0,0,1,0,0,0,0,0,1,0,0,1,0
SEVENTEEN,0.427,0.741,0.547,0.0,0.0931,-5.029,0.253,87.977,0.615,203732.0,1.0,0.0,0,0,0,0,0,0,0,0,0,1,0,0,0,1,0,1,0
HYUK,0.718,0.584,0.353,0.0,0.322,-7.178,0.0344,131.798,0.316,251281.0,0.0,0.0,0,0,0,0,0,1,0,0,0,0,0,0,0,1,0,1,0
B1A4,0.705,0.712,0.728,0.0,0.188,-5.202,0.0341,100.06,0.873,221403.0,0.0,0.0,0,0,0,0,0,0,0,0,0,0,0,1,1,0,0,1,0
Cherry Bullet,0.0614,0.802,0.893,0.0,0.226,-4.103,0.0852,120.003,0.593,206165.0,0.0,0.0,0,0,0,0,0,0,0,0,0,0,0,1,0,1,0,1,0
GFRIEND,0.428,0.453,0.849,0.0,0.1,-1.337,0.125,173.917,0.638,216488.0,1.0,0.0,0,0,0,0,0,0,1,0,0,0,0,0,1,0,0,1,0
Apink,0.294,0.647,0.855,0.0,0.137,-2.944,0.037,144.867,0.683,208105.0,1.0,0.0,0,0,0,0,0,1,0,0,0,0,0,0,1,0,0,1,0
JENNIE,0.0861,0.751,0.642,0.0,0.0953,-5.165,0.087,95.045,0.388,169567.0,1.0,0.0,0,0,0,1,0,0,0,0,0,0,0,0,1,0,0,1,0
ONEUS,0.0254,0.731,0.817,0.0,0.147,-3.906,0.121,127.952,0.657,207586.0,1.0,0.0,0,0,0,0,0,0,0,0,0,1,0,0,1,0,0,1,0
EXO,0.0702,0.689,0.678,0.0,0.0889,-4.287,0.119,145.883,0.335,200306.0,1.0,0.5,0,0,0,0,0,1,0,0,0,0,0,0,1,0,0,1,0
WJSN,0.0318,0.624,0.91,1.68e-06,0.246,-2.246,0.085,120.967,0.516,202713.0,0.0,0.0,0,0,0,0,0,0,0,1,0,0,0,0,0,1,0,1,0
IZ*ONE,0.0899,0.698,0.908,0.0,0.115,-1.211,0.0548,115.975,0.606,218994.0,0.0,0.0,0,0,0,0,0,0,0,0,0,1,0,0,1,0,0,1,0
iKON,0.335,0.539,0.597,0.0,0.142,-4.83,0.0673,179.857,0.436,216647.0,0.0,0.0,1,0,0,0,0,0,0,0,0,0,0,0,0,1,0,1,0
VERIVERY,0.147,0.791,0.944,0.0,0.15,-2.854,0.135,107.995,0.713,186364.0,0.0,0.0,0,0,1,0,0,0,0,0,0,0,0,0,0,1,0,1,0
MINO,0.0281,0.661,0.759,0.0,0.128,-3.247,0.0326,139.922,0.466,207925.0,0.0,0.0,0,0,0,0,0,1,0,0,0,0,0,0,0,1,0,1,0
Red Velvet,0.012,0.719,0.85,0.000239,0.114,-3.229,0.0317,150.059,0.367,188786.0,1.0,0.5,0,0,1,0,0,0,0,0,0,0,0,0,0,1,0,1,0
EXO,0.237,0.686,0.842,0.0,0.0683,-4.423,0.1,115.944,0.519,224483.0,1.0,0.5,1,0,0,0,0,0,0,0,0,0,0,0,0,1,0,1,0
WINNER,0.0599,0.811,0.663,0.0,0.0668,-4.543,0.0628,108.992,0.811,208284.0,0.0,0.6,0,0,0,0,0,0,0,0,1,0,0,0,0,1,0,1,0
CHUNG HA,0.0741,0.53,0.829,0.0,0.0993,-2.526,0.0445,101.85,0.423,221813.0,0.0,0.5,0,0,0,1,0,0,0,0,0,0,0,0,1,0,0,1,0
LUNA,0.381,0.611,0.749,0.0,0.192,-4.238,0.0323,96.914,0.503,228030.0,0.0,0.0,0,0,0,0,0,0,0,0,0,0,0,1,0,1,0,1,0
IU,0.241,0.839,0.617,0.0,0.3,-4.692,0.331,143.894,0.821,194426.0,1.0,0.0,0,0,0,0,0,0,0,1,0,0,0,0,0,1,0,1,0
NCT 127,0.218,0.653,0.836,0.0,0.0507,-6.018,0.238,151.977,0.569,199773.0,1.0,-0.6999999999999998,0,0,0,0,0,0,0,0,0,1,0,0,0,1,0,1,0
EXID,0.000371,0.695,0.832,0.000483,0.469,-3.455,0.0288,111.997,0.249,194699.0,1.0,0.0,0,0,0,0,0,0,0,0,0,1,0,0,1,0,0,1,0
Wanna One,0.0884,0.633,0.792,0.0,0.37,-3.202,0.0296,107.96,0.369,235869.0,0.0,0.0,0,0,0,1,0,0,0,0,0,0,0,0,0,1,0,1,0
THE BOYZ,0.0871,0.733,0.859,0.0,0.121,-3.773,0.0434,102.025,0.396,244089.0,1.0,0.0,0,0,0,0,0,0,0,0,0,0,0,1,1,0,0,1,0
ITZY,0.00795,0.809,0.911,0.000179,0.181,-4.41,0.0617,122.035,0.64,191242.0,1.0,0.0,0,0,0,0,0,0,1,0,0,0,0,0,1,0,0,1,0
Red Velvet,0.193,0.664,0.666,0.0,0.0854,-2.203,0.0446,139.987,0.405,210560.0,1.0,0.0,0,0,0,0,0,0,0,0,1,0,0,0,0,1,0,1,0
BLACKPINK,0.0465,0.812,0.761,0.000135,0.0601,-5.222,0.0812,130.032,0.344,182956.0,1.0,0.0,0,0,0,0,0,0,0,0,0,0,0,1,0,1,0,1,0
EVERGLOW,0.0457,0.692,0.881,4.45e-06,0.146,-2.563,0.0461,103.053,0.432,192280.0,1.0,0.5,0,0,0,0,0,0,0,0,0,0,0,1,1,0,0,1,0
TWICE,0.0312,0.739,0.841,0.0,0.173,-4.162,0.06,106.99,0.562,199653.0,1.0,0.0,0,0,0,0,0,1,0,0,0,0,0,0,0,1,0,1,0
Hwa Sa,0.238,0.658,0.749,2.03e-06,0.272,-2.967,0.0634,128.909,0.442,199027.0,1.0,0.0,0,0,0,0,0,0,0,0,0,1,0,0,1,0,0,1,0
MAMAMOO,0.0376,0.782,0.731,3.15e-05,0.0956,-4.581,0.143,138.032,0.824,195307.0,1.0,0.0,0,0,0,1,0,0,0,0,0,0,0,0,1,0,0,1,0
TWICE,0.0296,0.708,0.959,0.00188,0.107,-1.338,0.0604,128.981,0.644,206867.0,1.0,0.0,0,1,0,0,0,0,0,0,0,0,0,0,0,1,0,1,0
IU,0.115,0.676,0.869,0.0,0.132,-1.573,0.0423,120.029,0.594,167573.0,1.0,0.0,0,1,0,0,0,0,0,0,0,0,0,0,0,1,0,1,0
BTS,0.137,0.591,0.848,0.0,0.372,-4.396,0.0828,105.924,0.385,246816.0,1.0,0.0,0,0,0,0,0,0,0,0,0,1,0,0,1,0,0,1,0
ITZY,0.155,0.776,0.911,2.59e-06,0.268,-3.08,0.131,101.027,0.56,177728.0,1.0,0.5,0,0,1,0,0,0,0,0,0,0,0,0,1,0,0,1,0
Stray Kids,0.00776,0.689,0.771,0.0,0.521,-3.618,0.0548,157.052,0.482,167922.0,1.0,0.0,0,0,0,0,0,1,0,0,0,0,0,0,0,1,0,1,0
BTS,0.0112,0.746,0.765,0.0,0.0936,-4.41,0.0993,114.044,0.737,199054.0,1.0,0.0,0,0,0,0,0,0,1,0,0,0,0,0,1,0,0,1,0
JEON SOMI,0.014,0.782,0.659,0.0,0.217,-5.716,0.0629,121.935,0.8,175375.0,1.0,0.35714285714285715,0,0,0,0,0,0,0,0,1,0,0,0,0,1,0,1,0
Red Velvet - IRENE & SEULGI,0.212,0.631,0.748,0.0,0.537,-2.569,0.0488,115.665,0.351,178413.0,1.0,0.0,0,0,0,0,1,0,0,0,0,0,0,0,1,0,0,1,0
ZICO,0.118,0.874,0.787,0.0,0.11,-2.416,0.129,108.007,0.896,227227.0,1.0,0.0,0,0,0,0,0,0,0,0,0,0,1,0,1,0,0,1,0
BTS,0.137,0.719,0.757,0.0,0.129,-5.167,0.0849,147.024,0.489,198261.0,1.0,0.25,0,0,1,0,0,0,0,0,0,0,0,0,1,0,0,1,0
Apink,0.145,0.653,0.923,0.0,0.137,-2.163,0.0621,114.902,0.692,208053.0,1.0,0.0,0,0,0,0,0,0,0,0,1,0,0,0,1,0,0,1,0
TWICE,0.0122,0.697,0.874,0.0,0.627,-2.15,0.0449,132.018,0.775,213880.0,1.0,0.0,0,0,0,0,0,1,0,0,0,0,0,0,1,0,0,1,0
IZ*ONE,0.0617,0.756,0.927,0.0,0.343,-2.116,0.0594,123.005,0.723,217760.0,1.0,0.0,0,0,0,0,0,0,0,1,0,0,0,0,0,1,0,1,0
(G)I-DLE,0.0358,0.794,0.762,1.41e-06,0.191,-3.525,0.0392,109.97,0.482,195867.0,1.0,0.0,0,0,0,0,1,0,0,0,0,0,0,0,1,0,0,1,0
BAEKHYUN,0.24,0.649,0.767,0.0,0.0929,-3.838,0.0455,149.918,0.608,227173.0,1.0,0.0,0,0,0,0,0,0,0,0,0,0,0,1,1,0,0,1,0
BLACKPINK,0.0317,0.79,0.701,8.06e-05,0.0311,-4.81,0.365,159.972,0.91,177813.0,1.0,-0.16666666666666666,0,0,0,0,0,0,0,0,0,1,0,0,0,1,0,1,0
EXO,0.0024,0.704,0.729,0.0,0.218,-3.851,0.0624,129.992,0.71,203520.0,1.0,0.0,0,0,0,0,0,0,0,1,0,0,0,0,0,1,0,1,0
SEVENTEEN,0.146,0.726,0.829,0.0,0.0916,-3.876,0.111,149.994,0.95,201773.0,1.0,0.0,0,0,0,0,0,0,1,0,0,0,0,0,1,0,0,1,0
BTS,0.0224,0.779,0.762,0.0,0.121,-5.188,0.0631,110.043,0.859,180221.0,1.0,0.0,0,0,0,0,0,0,0,0,0,0,1,0,1,0,0,1,0
OH MY GIRL,0.171,0.753,0.91,0.0,0.367,-2.591,0.0517,123.983,0.825,202760.0,1.0,0.0,1,0,0,0,0,0,0,0,0,0,0,0,0,1,0,1,0
ITZY,0.0328,0.8,0.904,3.17e-05,0.182,-2.821,0.0845,124.979,0.806,191142.0,1.0,0.0,0,0,1,0,0,0,0,0,0,0,0,0,0,1,0,1,0
CHUNG HA,0.199,0.625,0.831,0.000612,0.0805,-2.168,0.0554,121.029,0.513,217239.0,1.0,0.0,0,0,1,0,0,0,0,0,0,0,0,0,1,0,0,1,0
CHUNG HA,0.171,0.636,0.941,2.68e-05,0.152,-0.792,0.101,103.926,0.888,199524.0,1.0,0.0,0,0,0,1,0,0,0,0,0,0,0,0,1,0,0,1,0
HYO,0.0586,0.713,0.927,3.54e-05,0.373,-3.28,0.112,115.072,0.618,200707.0,1.0,0.14285714285714285,0,0,1,0,0,0,0,0,0,0,0,0,0,1,0,1,0
SUNMI,0.0513,0.714,0.828,0.0652,0.0347,-4.68,0.0428,120.014,0.318,206617.0,1.0,0.0,0,1,0,0,0,0,0,0,0,0,0,0,1,0,0,1,0
Jessi,0.0198,0.743,0.689,0.0,0.708,-2.846,0.0289,104.936,0.504,195836.0,1.0,0.0,0,0,0,0,0,0,0,1,0,0,0,0,0,1,0,1,0
iKON,0.0164,0.757,0.743,0.0,0.0441,-5.649,0.0341,124.054,0.634,190968.0,0.0,-0.1,0,0,0,0,0,0,1,0,0,0,0,0,1,0,0,1,0
KARD,0.0202,0.724,0.925,0.0,0.202,-1.393,0.0615,100.028,0.33,172147.0,1.0,0.0,0,0,0,0,0,0,0,0,0,1,0,0,0,1,0,1,0
IZ*ONE,0.131,0.703,0.941,0.0,0.319,-0.995,0.0808,102.969,0.758,192333.0,1.0,0.0,0,0,0,0,0,0,0,1,0,0,0,0,1,0,0,1,0
NCT DREAM,0.178,0.549,0.903,0.0,0.0682,-1.483,0.045,150.009,0.513,201773.0,1.0,0.0,0,1,0,0,0,0,0,0,0,0,0,0,1,0,0,1,0
ATEEZ,0.0746,0.565,0.903,0.0,0.359,-1.918,0.0499,97.968,0.54,219760.0,1.0,0.0,0,0,0,0,0,0,0,1,0,0,0,0,0,1,0,1,0
(G)I-DLE,0.025,0.759,0.914,4.45e-06,0.076,-1.072,0.0592,123.047,0.674,210640.0,1.0,0.0,0,0,0,0,1,0,0,0,0,0,0,0,0,1,0,1,0
EVERGLOW,0.000588,0.633,0.706,0.0794,0.245,-5.137,0.0627,128.185,0.399,189147.0,1.0,0.0,0,0,0,0,0,0,0,0,0,0,1,0,1,0,0,1,0
Stray Kids,0.157,0.82,0.842,0.0,0.112,-3.853,0.272,107.952,0.653,189287.0,1.0,0.0,0,0,0,0,0,0,0,1,0,0,0,0,0,1,0,1,0
GOT7,0.0556,0.549,0.813,4.44e-06,0.207,-4.828,0.148,151.813,0.544,204702.0,1.0,-0.4,0,0,0,0,0,1,0,0,0,0,0,0,1,0,0,1,0
ITZY,0.00116,0.79,0.853,4.23e-05,0.329,-4.564,0.0666,125.0,0.713,199874.0,1.0,0.0,0,0,0,0,0,0,0,0,0,0,0,1,1,0,0,1,0
BLACKPINK,0.323,0.763,0.835,0.00221,0.225,-5.234,0.191,131.875,0.645,191050.0,1.0,0.0,0,0,1,0,0,0,0,0,0,0,0,0,1,0,0,1,0
TOMORROW X TOGETHER,0.0584,0.59,0.818,0.0,0.205,-2.988,0.0771,139.925,0.664,201445.0,1.0,0.0,0,0,0,0,0,0,0,0,0,1,0,0,1,0,0,1,0
Agust D,0.0229,0.65,0.827,0.0,0.121,-4.014,0.0599,144.995,0.223,225668.0,1.0,0.0,0,0,0,0,0,0,0,0,1,0,0,0,0,1,0,1,0
EVERGLOW,0.00108,0.477,0.85,0.0,0.0675,-1.486,0.0911,163.845,0.601,210893.0,1.0,0.0,0,0,0,1,0,0,0,0,0,0,0,0,1,0,0,1,0
BLACKPINK,0.00559,0.654,0.707,0.0,0.0873,-5.661,0.0664,127.97,0.448,194765.0,1.0,0.0,0,0,0,0,0,0,1,0,0,0,0,0,0,1,0,1,0
LOONA,0.0963,0.609,0.944,1.26e-05,0.222,-2.503,0.254,125.121,0.533,198001.0,1.0,0.0,0,0,0,0,0,0,0,0,0,0,0,1,0,1,0,1,0
MOMOLAND,0.0889,0.744,0.988,7.94e-06,0.273,-1.388,0.0654,130.022,0.885,198200.0,0.0,0.5,0,0,0,0,0,0,0,0,0,0,1,0,1,0,0,1,0
TAEYEON,0.0783,0.74,0.854,0.000532,0.253,-2.209,0.0525,114.029,0.856,233413.0,1.0,0.0,0,0,0,0,0,0,0,0,1,0,0,0,0,1,0,1,0
ITZY,0.0825,0.847,0.814,0.000507,0.0948,-4.668,0.152,140.057,0.711,172359.0,0.0,0.0,0,0,0,0,0,0,0,0,0,0,0,1,1,0,0,1,0
ENHYPEN,0.000253,0.568,0.809,3.33e-05,0.151,-3.869,0.0517,155.029,0.709,196170.0,1.0,0.0,0,0,0,0,0,0,0,0,0,0,0,1,1,0,0,1,0
ENHYPEN,0.0642,0.6,0.713,0.0,0.142,-5.079,0.0592,72.999,0.471,172107.0,1.0,0.0,0,0,0,0,0,0,1,0,0,0,0,0,1,0,0,1,0
NCT DREAM,0.0127,0.769,0.926,0.0,0.285,-1.627,0.0788,100.034,0.551,195813.0,1.0,0.0,0,0,0,0,0,0,1,0,0,0,0,0,0,1,0,1,0
Weeekly,0.00719,0.634,0.928,2.55e-06,0.0626,-1.609,0.0514,164.007,0.738,205373.0,1.0,0.0,0,1,0,0,0,0,0,0,0,0,0,0,0,1,0,1,0
NCT DREAM,0.0261,0.545,0.803,0.0,0.114,-2.283,0.0526,170.006,0.5,220920.0,1.0,0.0,0,1,0,0,0,0,0,0,0,0,0,0,0,1,0,1,0
LOONA,0.0735,0.781,0.814,1.92e-05,0.0565,-2.437,0.1,124.028,0.546,201120.0,1.0,0.0,0,0,0,0,0,0,0,0,1,0,0,0,0,1,0,1,0
Red Velvet,0.179,0.695,0.896,0.0,0.0626,-1.24,0.0847,119.959,0.508,181760.0,1.0,0.0,0,0,0,0,0,1,0,0,0,0,0,0,0,1,0,1,0
ENHYPEN,0.000707,0.599,0.869,0.0,0.0911,-5.174,0.0618,132.889,0.453,193260.0,1.0,0.0,0,0,0,0,0,1,0,0,0,0,0,0,1,0,0,1,0
STAYC,0.102,0.764,0.802,0.0,0.189,-4.217,0.0351,132.02,0.323,194080.0,1.0,0.25,1,0,0,0,0,0,0,0,0,0,0,0,0,1,0,1,0
JO YURI,0.23,0.723,0.725,0.0,0.0683,-3.815,0.0551,125.048,0.731,189933.0,1.0,0.0,0,0,0,0,0,0,1,0,0,0,0,0,0,1,0,1,0
TOMORROW X TOGETHER,0.0558,0.584,0.836,0.0,0.0663,-4.925,0.079,104.973,0.484,202204.0,1.0,0.0,1,0,0,0,0,0,0,0,0,0,0,0,0,1,0,1,0
TWICE,0.0474,0.688,0.909,1.35e-06,0.0674,-1.992,0.0624,97.097,0.702,210573.0,0.0,0.0,0,0,0,0,0,0,0,0,1,0,0,0,0,1,0,1,0
IU,0.0895,0.738,0.89,1.89e-06,0.213,-2.275,0.0748,114.942,0.75,214253.0,1.0,0.0,0,0,1,0,0,0,0,0,0,0,0,0,1,0,0,1,0
ITZY,0.0109,0.764,0.886,2.21e-05,0.325,-3.067,0.177,102.012,0.497,191462.0,0.0,0.0,0,1,0,0,0,0,0,0,0,0,0,0,0,1,0,1,0
aespa,0.488,0.82,0.852,5.94e-06,0.0907,-2.567,0.166,109.036,0.82,221573.0,1.0,0.0,0,0,0,0,0,0,0,0,0,0,0,1,1,0,0,1,0
TOMORROW X TOGETHER,0.0509,0.641,0.489,0.0,0.071,-8.668,0.11,142.977,0.206,215188.0,1.0,0.0,1,0,0,0,0,0,0,0,0,0,0,0,1,0,0,1,0
LeeHi,0.892,0.536,0.296,0.0,0.0873,-7.451,0.0346,122.907,0.151,240907.0,1.0,0.5,0,0,0,0,0,1,0,0,0,0,0,0,0,1,1,0,0
TOMORROW X TOGETHER,0.001,0.644,0.867,0.0,0.105,-4.18,0.0383,124.997,0.687,199919.0,1.0,0.0,0,0,0,0,0,0,0,0,0,0,0,1,1,0,0,1,0
LISA,0.0267,0.804,0.652,0.000782,0.118,-6.282,0.0898,150.076,0.854,200690.0,1.0,0.0,0,0,0,0,0,0,0,0,1,0,0,0,0,1,0,1,0
TWICE,0.0899,0.808,0.903,0.0,0.0816,-2.179,0.0729,120.044,0.922,198053.0,0.0,0.0,0,0,0,0,0,0,0,0,0,1,0,0,0,1,0,1,0
aespa,0.124,0.727,0.879,1.17e-05,0.244,-1.167,0.129,146.959,0.671,238144.0,1.0,0.0,0,0,0,0,0,0,0,0,0,1,0,0,0,1,0,1,0
STAYC,0.313,0.605,0.805,0.0,0.659,-3.212,0.0641,148.298,0.738,191696.0,1.0,0.0,0,0,0,0,0,0,1,0,0,0,0,0,0,1,0,1,0
NCT 127,0.000831,0.561,0.758,3.08e-06,0.15,-3.87,0.0478,149.944,0.178,215587.0,1.0,0.0,0,0,0,0,0,1,0,0,0,0,0,0,1,0,0,1,0
Red Velvet,0.0617,0.841,0.831,0.0,0.101,-3.675,0.0526,124.965,0.762,200680.0,1.0,0.0,0,0,0,0,0,0,0,0,0,0,1,0,1,0,0,1,0
aespa,0.0861,0.606,0.896,0.0,0.235,-3.098,0.11,164.939,0.64,214853.0,1.0,0.0,0,1,0,0,0,0,0,0,0,0,0,0,0,1,0,1,0
aespa,0.0546,0.783,0.872,0.0391,0.029,-2.416,0.174,124.993,0.708,213560.0,1.0,0.0,0,0,0,0,0,0,0,0,0,0,0,1,0,1,0,1,0
aespa,0.0618,0.52,0.915,0.000946,0.0856,-2.862,0.103,90.069,0.5,174933.0,1.0,0.0,0,0,1,0,0,0,0,0,0,0,0,0,0,1,0,1,0
ITZY,0.00151,0.781,0.757,0.0,0.19,-4.268,0.0547,96.009,0.666,177893.0,0.0,0.0,0,1,0,0,0,0,0,0,0,0,0,0,0,1,0,1,0
ITZY,0.0893,0.956,0.717,0.0,0.0703,-5.105,0.205,127.971,0.688,174440.0,0.0,0.5,0,1,0,0,0,0,0,0,0,0,0,0,0,1,0,1,0
ITZY,0.353,0.852,0.759,1.86e-06,0.152,-4.45,0.0495,131.946,0.911,139213.0,0.0,0.0,0,0,0,0,0,0,0,0,0,1,0,0,0,1,0,1,0
Dreamcatcher,0.0183,0.55,0.932,0.0,0.344,-2.75,0.0855,170.012,0.45,191947.0,1.0,0.0,0,0,0,0,1,0,0,0,0,0,0,0,1,0,0,1,0
EXO,0.0585,0.707,0.838,0.0,0.095,-2.983,0.117,128.007,0.832,176547.0,1.0,0.0,0,0,0,0,0,0,0,0,0,1,0,0,1,0,0,1,0
OH MY GIRL,0.169,0.647,0.957,0.0,0.234,-0.384,0.0819,114.968,0.764,220560.0,1.0,-0.16666666666666666,0,1,0,0,0,0,0,0,0,0,0,0,1,0,0,1,0
JOY,0.351,0.392,0.894,0.0,0.349,-1.399,0.0459,185.869,0.644,218880.0,1.0,0.0,0,0,1,0,0,0,0,0,0,0,0,0,0,1,0,1,0
TAEMIN,0.406,0.659,0.821,0.0,0.114,-2.215,0.0468,161.983,0.353,191640.0,1.0,0.0,0,0,0,0,0,0,0,0,0,1,0,0,1,0,0,1,0
BAEKHYUN,0.434,0.438,0.632,0.0,0.214,-4.447,0.0417,61.45,0.386,213053.0,1.0,0.0,0,0,0,0,0,0,0,1,0,0,0,0,1,0,0,1,0
ATEEZ,0.0419,0.724,0.904,4.79e-06,0.163,-3.815,0.0872,130.036,0.728,209575.0,1.0,0.0,1,0,0,0,0,0,0,0,0,0,0,0,0,1,0,1,0
CHUNG HA,0.006,0.625,0.903,0.0,0.235,-2.519,0.0594,145.97,0.825,179156.0,1.0,0.0,0,0,0,0,1,0,0,0,0,0,0,0,0,1,0,1,0
TWICE,0.0542,0.702,0.692,0.0,0.0877,-5.405,0.0539,144.896,0.419,204168.0,1.0,0.0,0,0,0,0,0,0,0,0,0,0,1,0,0,1,0,1,0
IZ*ONE,0.0429,0.726,0.963,0.00157,0.128,-1.111,0.0916,126.062,0.769,222853.0,1.0,0.0,0,0,0,0,0,0,0,0,0,1,0,0,1,0,0,1,0
TWICE,0.121,0.657,0.88,0.0,0.463,-3.672,0.102,150.084,0.769,205493.0,1.0,0.0,0,0,0,0,0,0,0,0,0,0,1,0,1,0,0,1,0
TOMORROW X TOGETHER,0.00962,0.71,0.82,0.0,0.0871,-4.362,0.0836,112.005,0.746,209105.0,1.0,0.0,0,0,0,1,0,0,0,0,0,0,0,0,1,0,0,1,0
ITZY,0.00795,0.809,0.911,0.000179,0.181,-4.41,0.0617,122.035,0.64,191242.0,0.0,0.0,0,0,0,0,0,0,1,0,0,0,0,0,1,0,0,1,0
Stray Kids,0.00776,0.689,0.771,0.0,0.521,-3.618,0.0548,157.052,0.482,167922.0,0.0,0.0,0,0,0,0,0,1,0,0,0,0,0,0,0,1,0,1,0
NCT U,0.0632,0.732,0.795,0.0,0.0569,-2.263,0.1,100.954,0.693,229400.0,1.0,0.0,0,0,0,0,0,0,0,0,1,0,0,0,0,1,0,1,0
ITZY,0.155,0.776,0.911,2.59e-06,0.268,-3.08,0.131,101.027,0.56,177728.0,0.0,0.0,0,0,1,0,0,0,0,0,0,0,0,0,1,0,0,1,0
TWICE,0.0312,0.739,0.841,0.0,0.173,-4.162,0.06,106.99,0.562,199653.0,1.0,0.0,0,0,0,0,0,1,0,0,0,0,0,0,0,1,0,1,0
BTS,0.0112,0.746,0.765,0.0,0.0936,-4.41,0.0993,114.044,0.737,199054.0,1.0,0.0,0,0,0,0,0,0,1,0,0,0,0,0,1,0,0,1,0
BTS,0.00323,0.759,0.459,0.0,0.0906,-5.187,0.0948,109.997,0.695,164442.0,1.0,0.0,0,0,0,0,0,0,0,0,1,0,0,0,0,1,0,1,0
BLACKPINK,0.0145,0.693,0.734,0.0,0.217,-6.189,0.202,180.06,0.708,186964.0,1.0,0.0,0,0,0,0,1,0,0,0,0,0,0,0,0,1,0,1,0
BTS,0.0432,0.559,0.885,0.0,0.333,-4.515,0.189,172.029,0.683,193594.0,1.0,0.0,0,1,0,0,0,0,0,0,0,0,0,0,0,1,0,1,0
IVE,0.00379,0.703,0.709,5.43e-05,0.333,-4.169,0.0433,117.941,0.538,177187.0,1.0,0.0,0,1,0,0,0,0,0,0,0,0,0,0,1,0,0,1,0
BLACKPINK,0.00327,0.818,0.69,0.0,0.186,-5.119,0.0454,110.071,0.688,175889.0,1.0,0.25,1,0,0,0,0,0,0,0,0,0,0,0,0,1,1,0,0
BTS,0.00544,0.702,0.741,0.0,0.337,-5.33,0.0427,124.925,0.646,187585.0,1.0,0.5,0,0,0,0,0,0,0,0,0,1,0,0,0,1,0,1,0
Jimin,0.639,0.532,0.426,0.0,0.134,-6.117,0.0288,149.898,0.137,201905.0,1.0,0.0,0,0,0,1,0,0,0,0,0,0,0,0,0,1,1,0,0
Jung Kook,0.299,0.512,0.76,0.0,0.103,-5.889,0.0682,130.096,0.495,210928.0,1.0,0.0,0,0,1,0,0,0,0,0,0,0,0,0,1,0,0,1,0
BTS,0.0933,0.645,0.862,0.0,0.193,-4.761,0.0845,119.947,0.803,229773.0,1.0,-0.1,0,0,0,0,0,0,0,0,0,0,0,1,1,0,0,1,0
TWICE,0.0899,0.808,0.903,0.0,0.0816,-2.179,0.0729,120.044,0.922,198053.0,1.0,0.0,0,0,0,0,0,0,0,0,0,1,0,0,0,1,0,1,0
BTS,0.0201,0.724,0.818,0.0,0.0358,-3.747,0.168,77.004,0.696,204940.0,1.0,0.0,0,0,0,0,0,0,0,0,1,0,0,0,0,1,0,1,0
IVE,0.0617,0.828,0.731,0.0,0.048,-3.033,0.111,119.978,0.587,178453.0,1.0,0.5,0,0,0,0,0,0,0,0,0,1,0,0,0,1,0,1,0
ENHYPEN,0.458,0.738,0.67,0.0,0.361,-3.766,0.0439,138.055,0.651,184602.0,1.0,-0.15555555555555559,0,0,0,0,0,0,0,1,0,0,0,0,1,0,0,1,0
BLACKPINK,0.0465,0.812,0.761,0.000135,0.0601,-5.222,0.0812,130.032,0.344,182956.0,1.0,0.0,0,0,0,0,0,0,0,0,0,0,0,1,0,1,0,1,0
PSY,0.0299,0.905,0.962,0.0,0.0272,-3.197,0.0856,129.969,0.906,174647.0,1.0,0.0,0,0,0,0,1,0,0,0,0,0,0,0,0,1,0,1,0
TREASURE,0.486,0.716,0.638,0.0,0.0702,-6.87,0.0392,84.955,0.552,220716.0,1.0,0.0,1,0,0,0,0,0,0,0,0,0,0,0,0,1,0,1,0
Stray Kids,0.154,0.581,0.8,0.0,0.0697,-2.613,0.411,119.872,0.709,182758.0,1.0,0.1,0,1,0,0,0,0,0,0,0,0,0,0,0,1,0,0,1
NAYEON,0.0361,0.795,0.859,0.0,0.0321,-2.994,0.0542,96.986,0.356,168107.0,1.0,0.0,0,0,1,0,0,0,0,0,0,0,0,0,0,1,0,1,0
Kep1er,0.00122,0.785,0.907,3.11e-06,0.213,-2.657,0.0938,126.004,0.685,183693.0,1.0,0.0,0,0,0,0,0,0,0,0,0,0,1,0,0,1,0,1,0
LE SSERAFIM,0.0508,0.863,0.62,0.00324,0.129,-7.167,0.135,103.971,0.432,168437.0,1.0,0.0,0,0,0,0,0,0,0,1,0,0,0,0,0,1,0,1,0
BTS,0.00691,0.566,0.716,0.0,0.37,-5.733,0.0424,81.068,0.45,207481.0,1.0,0.0,0,1,0,0,0,0,0,0,0,0,0,0,0,1,0,1,0
(G)I-DLE,0.00988,0.755,0.87,0.0,0.0917,-2.414,0.0936,124.032,0.645,174387.0,1.0,0.5,0,1,0,0,0,0,0,0,0,0,0,0,1,0,0,1,0
BTS,0.394,0.637,0.799,0.0,0.0921,-4.518,0.0338,104.996,0.57,228615.0,1.0,0.0,0,0,1,0,0,0,0,0,0,0,0,0,0,1,0,1,0
LISA,0.0282,0.806,0.653,0.000784,0.107,-6.283,0.0902,150.058,0.85,200690.0,1.0,0.0,0,0,0,0,0,0,0,0,1,0,0,0,0,1,0,1,0
NewJeans,0.268,0.593,0.935,0.0,0.286,-3.43,0.225,99.976,0.783,179027.0,1.0,0.0,0,0,0,0,1,0,0,0,0,0,0,0,1,0,0,1,0
IVE,0.103,0.68,0.922,0.0,0.0877,-1.215,0.121,125.014,0.799,176973.0,1.0,0.0,1,0,0,0,0,0,0,0,0,0,0,0,0,1,0,1,0
Jessi,0.00942,0.874,0.6,0.0,0.126,-6.064,0.158,100.012,0.457,174840.0,1.0,0.0,0,0,0,0,0,0,1,0,0,0,0,0,0,1,0,1,0
j-hope,0.00537,0.783,0.722,0.00209,0.105,-4.864,0.0357,97.031,0.306,180022.0,1.0,0.0,0,0,1,0,0,0,0,0,0,0,0,0,0,1,0,1,0
BTS,0.00267,0.557,0.719,0.0,0.306,-4.515,0.0371,77.502,0.345,242334.0,1.0,0.0,0,0,1,0,0,0,0,0,0,0,0,0,1,0,0,1,0
ITZY,0.0103,0.759,0.886,2.04e-05,0.342,-3.067,0.187,102.065,0.489,191462.0,1.0,0.0,0,1,0,0,0,0,0,0,0,0,0,0,0,1,0,1,0
BLACKPINK,0.323,0.763,0.835,0.00221,0.225,-5.234,0.191,131.875,0.645,191050.0,1.0,0.0,0,0,1,0,0,0,0,0,0,0,0,0,1,0,0,1,0
BTS,0.0224,0.779,0.762,0.0,0.121,-5.188,0.0631,110.043,0.859,180221.0,1.0,0.0,0,0,0,0,0,0,0,0,0,0,1,0,1,0,0,1,0
GOT the beat,0.0205,0.636,0.81,1.04e-05,0.596,-2.035,0.101,161.897,0.611,228613.0,1.0,0.0,0,1,0,0,0,0,0,0,0,0,0,0,0,1,0,1,0
NewJeans,0.236,0.811,0.648,0.0,0.0761,-3.684,0.0368,104.988,0.695,180067.0,1.0,0.0,0,0,0,0,0,0,0,0,0,0,1,0,1,0,0,1,0
BLACKPINK,0.036,0.668,0.828,0.0,0.0932,-5.034,0.0739,140.042,0.393,211350.0,1.0,0.0,0,0,0,0,1,0,0,0,0,0,0,0,1,0,0,1,0
ENHYPEN,0.0642,0.6,0.713,0.0,0.142,-5.079,0.0592,72.999,0.471,172107.0,1.0,0.0,0,0,0,0,0,0,1,0,0,0,0,0,1,0,0,1,0
BLACKPINK,0.00559,0.654,0.707,0.0,0.0873,-5.661,0.0664,127.97,0.448,194765.0,1.0,0.5,0,0,0,0,0,0,1,0,0,0,0,0,0,1,0,1,0
TWICE,0.136,0.772,0.907,0.0,0.334,-2.438,0.124,119.973,0.783,177467.0,1.0,0.0,0,0,0,1,0,0,0,0,0,0,0,0,1,0,0,1,0
Stray Kids,0.213,0.601,0.786,0.0,0.209,-3.706,0.234,172.156,0.79,183267.0,1.0,0.0,0,1,0,0,0,0,0,0,0,0,0,0,0,1,0,1,0
Red Velvet,0.0648,0.412,0.94,0.0,0.358,-2.171,0.215,157.964,0.423,210253.0,1.0,0.5,0,1,0,0,0,0,0,0,0,0,0,0,0,1,0,1,0
JENNIE,0.0861,0.751,0.642,0.0,0.0953,-5.165,0.087,95.045,0.388,169567.0,1.0,0.05,0,0,0,1,0,0,0,0,0,0,0,0,1,0,0,1,0
LeeHi,0.892,0.536,0.296,0.0,0.0873,-7.451,0.0346,122.907,0.151,240907.0,1.0,0.0,0,0,0,0,0,1,0,0,0,0,0,0,0,1,1,0,0
BTS,0.0244,0.584,0.885,0.0,0.357,-3.571,0.104,92.9,0.605,217052.0,1.0,0.0,1,0,0,0,0,0,0,0,0,0,0,0,1,0,0,1,0
BTS,0.0217,0.599,0.775,0.0,0.0678,-4.018,0.0543,129.817,0.696,223123.0,1.0,0.0,0,1,0,0,0,0,0,0,0,0,0,0,1,0,0,1,0
aespa,0.124,0.727,0.879,1.17e-05,0.244,-1.167,0.129,146.959,0.671,238144.0,1.0,0.0,0,0,0,0,0,0,0,0,0,1,0,0,0,1,0,1,0
TWICE,0.121,0.657,0.88,0.0,0.463,-3.672,0.102,150.084,0.769,205493.0,1.0,0.0,0,0,0,0,0,0,0,0,0,0,1,0,1,0,0,1,0
,,,,,,,,,,,,0.0,0,0,0,0,0,0,0,0,0,0,0,0,0,0,0,0,0
,,,,,,,,,,,,0.0,0,0,0,0,0,0,0,0,0,0,0,0,0,0,0,0,0
,,,,,,,,,,,,0.0,0,0,0,0,0,0,0,0,0,0,0,0,0,0,0,0,0
,,,,,,,,,,,,0.0,0,0,0,0,0,0,0,0,0,0,0,0,0,0,0,0,0
,,,,,,,,,,,,0.0,0,0,0,0,0,0,0,0,0,0,0,0,0,0,0,0,0
,,,,,,,,,,,,0.0,0,0,0,0,0,0,0,0,0,0,0,0,0,0,0,0,0
,,,,,,,,,,,,0.0,0,0,0,0,0,0,0,0,0,0,0,0,0,0,0,0,0
,,,,,,,,,,,,0.0,0,0,0,0,0,0,0,0,0,0,0,0,0,0,0,0,0
,,,,,,,,,,,,0.0,0,0,0,0,0,0,0,0,0,0,0,0,0,0,0,0,0
,,,,,,,,,,,,0.0,0,0,0,0,0,0,0,0,0,0,0,0,0,0,0,0,0
