artist,acousticness,danceability,energy,instrumentalness,liveness,loudness,speechiness,tempo,valence,duration_ms,song_popularity,popularity,sentiment,key_0,key_1,key_2,key_3,key_4,key_5,key_6,key_7,key_8,key_9,key_10,key_11,audio_mode_0.0,audio_mode_1.0,time_signature_1.0,time_signature_3.0,time_signature_4.0,time_signature_5.0
EXO,0.461,0.549,0.675,0.0,0.171,-4.964,0.045,84.013,0.373,197533.0,0,0,0.0,0,1,0,0,0,0,0,0,0,0,0,0,1,0,0,0,1,0
Suzy,0.11,0.496,0.731,0.0,0.0998,-4.922,0.114,177.688,0.439,194775.0,0,0,0.0,0,0,0,0,0,0,0,0,1,0,0,0,0,1,0,0,1,0
VAV,0.199,0.716,0.853,0.0,0.224,-2.779,0.0643,136.044,0.642,182707.0,0,0,0.0,0,0,0,0,0,0,0,0,1,0,0,0,0,1,0,0,1,0
Gummy,0.587,0.435,0.6,0.0,0.128,-5.699,0.0434,132.001,0.129,188343.0,0,0,0.0,0,0,0,0,0,0,0,1,0,0,0,0,0,1,0,0,1,0
Rovv,0.507,0.525,0.745,0.0,0.143,-4.858,0.0727,79.951,0.387,144750.0,0,0,0.0,0,0,0,0,0,1,0,0,0,0,0,0,0,1,0,0,1,0
Skinny Brown,0.24,0.823,0.613,0.0,0.108,-6.12,0.169,98.994,0.711,176331.0,23,0,0.0,0,1,0,0,0,0,0,0,0,0,0,0,0,1,0,0,1,0
LE SSERAFIM,0.00775,0.771,0.875,0.0,0.0998,-4.092,0.0562,150.105,0.722,158981.0,49,0,0.0,0,0,1,0,0,0,0,0,0,0,0,0,0,1,0,0,1,0
Gwangil Jo,0.248,0.509,0.967,0.0,0.472,-1.247,0.331,90.792,0.623,190213.0,31,0,0.0,0,0,0,0,0,0,0,0,0,0,0,1,1,0,0,0,1,0
BTS,0.0268,0.617,0.589,0.0,0.378,-5.978,0.0345,92.991,0.566,229953.0,87,1,0.0,0,0,0,0,0,0,0,1,0,0,0,0,0,1,0,0,1,0
TAEYONG,0.291,0.845,0.884,0.00129,0.173,-3.419,0.216,95.0,0.78,201107.0,70,1,0.0,1,0,0,0,0,0,0,0,0,0,0,0,0,1,0,0,1,0
U-KNOW,0.593,0.6,0.748,0.0,0.439,-5.723,0.159,104.948,0.575,215213.0,31,0,0.0,0,0,0,0,0,0,0,1,0,0,0,0,0,1,0,0,1,0
P1Harmony,0.0343,0.793,0.672,0.0,0.1,-5.196,0.061,121.004,0.573,163280.0,60,1,0.0,0,0,1,0,0,0,0,0,0,0,0,0,0,1,0,0,1,0
QUEENDOM PUZZLE,0.208,0.647,0.853,0.0,0.0878,-2.57,0.0372,99.958,0.416,198693.0,32,0,0.0,0,0,0,0,0,0,0,0,1,0,0,0,0,1,0,0,1,0
AleXa,0.227,0.62,0.635,0.0,0.114,-3.993,0.0311,117.989,0.194,223587.0,39,0,0.0,0,0,0,0,0,0,0,1,0,0,0,0,0,1,0,0,1,0
You Chae Hoon,0.574,0.357,0.541,0.0,0.163,-6.17,0.0373,135.181,0.213,308573.0,24,0,0.0,0,0,0,0,0,0,0,0,1,0,0,0,0,1,0,0,1,0
Kim Yuna,0.0236,0.385,0.857,0.0,0.366,-3.166,0.132,83.272,0.358,187307.0,31,0,0.0,0,0,0,0,0,0,0,1,0,0,0,0,1,0,0,0,1,0
YUNHWAY,0.0079,0.581,0.861,3.75e-05,0.102,-5.647,0.124,196.032,0.399,197250.0,24,0,0.0,0,1,0,0,0,0,0,0,0,0,0,0,0,1,0,0,1,0
KANGDANIEL,0.0752,0.568,0.651,0.0,0.13,-6.49,0.0521,147.938,0.522,182680.0,55,1,0.0,0,0,0,0,0,0,0,0,1,0,0,0,1,0,0,0,1,0
Han Dong Geun,0.268,0.53,0.697,0.0,0.0995,-3.446,0.0375,139.901,0.327,262827.0,26,0,0.0,0,0,1,0,0,0,0,0,0,0,0,0,0,1,0,0,1,0
Kid Milli,0.107,0.772,0.801,0.0,0.115,-4.674,0.0559,131.942,0.286,171710.0,32,0,0.0,0,0,0,0,0,0,0,0,0,0,1,0,1,0,0,0,1,0
ADOY,0.283,0.684,0.731,0.768,0.131,-9.264,0.0314,122.994,0.425,222352.0,44,0,0.0,0,0,0,0,1,0,0,0,0,0,0,0,0,1,0,0,1,0
YongYong,0.206,0.75,0.76,0.0,0.289,-5.223,0.0331,115.972,0.695,215293.0,30,0,0.0,0,0,0,1,0,0,0,0,0,0,0,0,0,1,0,0,1,0
MILLIC,0.199,0.39,0.361,0.000797,0.31,-8.551,0.0292,143.655,0.0411,244536.0,32,0,0.0,0,0,0,0,0,0,0,0,0,1,0,0,0,1,0,0,1,0
Jeon Sang Keun,0.589,0.509,0.503,0.0,0.36,-6.211,0.0365,127.984,0.236,271280.0,32,0,0.5,0,0,0,0,1,0,0,0,0,0,0,0,1,0,0,0,1,0
SURAN,0.674,0.585,0.327,0.0,0.112,-6.895,0.0325,121.829,0.275,228147.0,26,0,0.0,0,0,0,0,0,1,0,0,0,0,0,0,0,1,0,0,1,0
Ha Yea Song,0.712,0.447,0.585,0.0,0.0982,-3.227,0.0361,132.594,0.275,243627.0,28,0,0.25,0,0,0,0,1,0,0,0,0,0,0,0,0,1,0,0,1,0
Lim Young Woong,0.776,0.515,0.346,2.65e-05,0.119,-8.908,0.0342,130.043,0.107,219883.0,57,1,0.0,0,0,0,0,1,0,0,0,0,0,0,0,0,1,0,0,1,0
Gaeko,0.139,0.646,0.738,0.0,0.495,-5.541,0.368,161.39,0.679,214274.0,44,0,0.0,0,0,0,0,0,1,0,0,0,0,0,0,0,1,0,0,1,0
fromis_9,0.192,0.703,0.909,0.0,0.0717,-2.686,0.102,117.989,0.83,169907.0,65,1,0.0,0,0,0,0,0,0,1,0,0,0,0,0,1,0,0,0,1,0
LEE CHANGSUB,0.325,0.297,0.752,0.0,0.155,-2.283,0.0447,156.134,0.285,260733.0,33,0,0.35,0,0,0,0,0,0,0,0,0,0,0,1,0,1,0,0,1,0
Stray Kids,0.0895,0.886,0.781,0.0,0.0715,-1.837,0.333,104.996,0.672,195689.0,86,1,0.0,0,0,0,0,0,1,0,0,0,0,0,0,1,0,0,0,1,0
Lee Juck,0.522,0.409,0.479,4.17e-06,0.202,-4.809,0.0306,140.519,0.141,292635.0,41,0,0.0,0,0,1,0,0,0,0,0,0,0,0,0,1,0,0,0,1,0
Woo,0.782,0.779,0.497,0.000172,0.139,-8.773,0.227,87.026,0.522,268759.0,45,0,0.0,0,0,0,0,0,0,0,0,0,0,0,1,1,0,0,0,1,0
Brave Girls,0.11,0.77,0.884,0.0,0.0806,-1.445,0.0503,115.062,0.339,188053.0,35,0,0.0,0,0,0,0,0,0,0,1,0,0,0,0,1,0,0,0,1,0
장지수 (Sou),0.29,0.926,0.73,0.0,0.101,-5.712,0.298,108.97,0.545,179421.0,31,0,-0.3,0,0,0,0,0,1,0,0,0,0,0,0,1,0,0,0,1,0
LEENU,0.613,0.505,0.56,0.0,0.124,-4.532,0.0309,131.958,0.178,227897.0,25,0,0.0,0,0,0,0,0,1,0,0,0,0,0,0,0,1,0,0,1,0
Goyo,0.455,0.711,0.86,0.0,0.331,-5.126,0.369,160.167,0.824,211360.0,24,0,0.0,0,0,0,1,0,0,0,0,0,0,0,0,0,1,0,0,1,0
J.Fla,0.653,0.742,0.342,2.21e-06,0.151,-6.051,0.0361,82.034,0.583,133000.0,31,0,0.0,0,1,0,0,0,0,0,0,0,0,0,0,0,1,0,0,1,0
RAUDI,0.519,0.689,0.627,0.0,0.116,-6.421,0.294,87.472,0.556,178197.0,24,0,0.0,0,0,0,0,1,0,0,0,0,0,0,0,1,0,0,0,1,0
Hwang Chi Yeul,0.624,0.404,0.481,0.0,0.0967,-5.352,0.0286,137.202,0.498,233560.0,31,0,0.0,0,1,0,0,0,0,0,0,0,0,0,0,0,1,0,0,1,0
Grizzly,0.118,0.696,0.571,0.0,0.103,-3.897,0.0487,81.998,0.635,220160.0,38,0,0.0,1,0,0,0,0,0,0,0,0,0,0,0,0,1,0,0,1,0
ZHOUMI,0.17,0.772,0.873,0.000471,0.22,-2.118,0.0511,95.958,0.713,195400.0,41,0,0.0,0,0,0,0,0,0,0,1,0,0,0,0,0,1,0,0,1,0
AARON,0.352,0.582,0.827,0.0,0.106,-3.428,0.0582,130.164,0.633,197553.0,38,0,0.0,1,0,0,0,0,0,0,0,0,0,0,0,1,0,0,0,1,0
B.I,0.244,0.77,0.659,0.0,0.0576,-6.181,0.198,67.496,0.649,175716.0,59,1,0.11666666666666665,0,0,0,0,0,0,0,0,1,0,0,0,0,1,0,0,1,0
LIM KIM,0.521,0.624,0.535,1.07e-06,0.11,-6.669,0.0257,104.013,0.693,247446.0,29,0,0.0,0,1,0,0,0,0,0,0,0,0,0,0,1,0,0,0,1,0
STH,0.293,0.521,0.559,0.0,0.17,-4.972,0.0274,123.984,0.192,249467.0,26,0,0.0,1,0,0,0,0,0,0,0,0,0,0,0,0,1,0,0,1,0
Sonnet,0.33,0.588,0.772,0.0,0.106,-3.506,0.0664,79.963,0.325,206240.0,35,0,-0.4,0,0,0,0,0,0,1,0,0,0,0,0,1,0,0,0,1,0
RIO,0.89,0.521,0.183,0.0,0.102,-11.277,0.0338,135.56,0.225,226000.0,41,0,0.0,0,0,0,1,0,0,0,0,0,0,0,0,0,1,0,0,1,0
Yebit,0.457,0.398,0.623,0.0,0.116,-4.538,0.0366,178.993,0.51,191133.0,39,0,0.0,0,0,0,0,0,0,0,0,0,0,0,1,0,1,0,0,1,0
Hoody,0.544,0.666,0.58,0.0,0.174,-7.703,0.189,91.818,0.588,202035.0,36,0,0.0,0,1,0,0,0,0,0,0,0,0,0,0,1,0,0,0,1,0
Pa!nter,0.185,0.611,0.855,0.0,0.0741,-3.274,0.0543,80.01,0.803,159227.0,22,0,0.3,0,0,0,0,0,1,0,0,0,0,0,0,0,1,0,0,1,0
Kim Pil Sun,0.928,0.667,0.177,1.07e-05,0.101,-9.943,0.0356,62.026,0.38,240493.0,21,0,0.0,0,0,0,0,0,0,0,0,0,1,0,0,0,1,0,0,1,0
Rothy,0.462,0.321,0.705,0.0,0.11,-3.859,0.0397,159.04,0.248,179253.0,41,0,0.0,0,0,0,0,0,0,0,0,0,0,0,1,0,1,0,0,1,0
Monday Kiz,0.483,0.397,0.671,0.0,0.188,-4.858,0.0517,134.271,0.177,218613.0,36,0,0.0,0,0,0,0,1,0,0,0,0,0,0,0,0,1,0,0,1,0
Room306,0.753,0.684,0.699,1.16e-05,0.0788,-7.371,0.3,75.032,0.395,176966.0,22,0,0.0,0,1,0,0,0,0,0,0,0,0,0,0,0,1,0,0,1,0
Mew,0.756,0.544,0.353,0.000153,0.114,-8.365,0.029,121.863,0.0974,247444.0,18,0,0.0,0,0,0,0,0,0,0,0,0,0,1,0,0,1,0,0,1,0
JOO SEOL OK,0.374,0.562,0.522,0.0,0.153,-4.416,0.0298,129.853,0.207,261093.0,20,0,-0.09999999999999998,0,0,0,0,0,0,0,0,0,0,0,1,0,1,0,0,1,0
Smiley DeBron,0.0594,0.848,0.59,0.0,0.109,-5.239,0.0632,118.987,0.0959,180570.0,20,0,0.0,0,0,1,0,0,0,0,0,0,0,0,0,0,1,0,0,1,0
Cha Woo Joo,0.295,0.382,0.751,0.0,0.424,-3.903,0.0366,175.939,0.35,221124.0,5,0,0.5,0,1,0,0,0,0,0,0,0,0,0,0,1,0,0,0,1,0
NINE to SIX,0.021,0.783,0.873,0.0,0.285,-4.409,0.197,95.046,0.729,183750.0,38,0,0.0,0,0,0,0,0,0,0,0,1,0,0,0,0,1,0,0,1,0
HAMIN(BXB),0.512,0.689,0.58,0.0,0.16,-5.292,0.0281,90.989,0.363,214080.0,33,0,-0.05,0,1,0,0,0,0,0,0,0,0,0,0,0,1,0,0,1,0
Dorico,0.0745,0.605,0.795,0.0,0.0571,-4.554,0.342,127.139,0.759,167244.0,17,0,0.1,0,0,0,0,0,0,0,0,1,0,0,0,0,1,0,0,1,0
Merry apple,0.665,0.541,0.316,0.0,0.0983,-4.834,0.028,154.135,0.455,271413.0,16,0,0.0,0,0,0,0,0,0,0,0,0,1,0,0,0,1,0,1,0,0
Eizzyboy,0.235,0.753,0.767,0.0,0.0976,-4.949,0.0362,93.553,0.513,229733.0,16,0,0.0,1,0,0,0,0,0,0,0,0,0,0,0,1,0,0,0,1,0
5252,0.762,0.484,0.436,0.0,0.114,-8.029,0.0368,179.703,0.375,185637.0,20,0,0.0,0,1,0,0,0,0,0,0,0,0,0,0,0,1,0,0,1,0
Miso,0.628,0.557,0.735,0.0,0.168,-7.721,0.31,169.998,0.67,199748.0,39,0,0.0,0,0,0,0,0,1,0,0,0,0,0,0,0,1,0,0,1,0
Yoon Jong Shin,0.401,0.448,0.586,0.0,0.225,-4.942,0.0413,71.824,0.178,280893.0,28,0,0.0,0,0,1,0,0,0,0,0,0,0,0,0,0,1,0,0,1,0
LUDA,0.813,0.383,0.255,0.0,0.36,-9.767,0.0288,139.728,0.171,200400.0,34,0,0.0,0,0,0,0,0,0,0,1,0,0,0,0,0,1,0,0,1,0
Joob A,0.783,0.505,0.557,2.45e-06,0.417,-7.098,0.172,79.169,0.543,200680.0,28,0,0.0,0,0,1,0,0,0,0,0,0,0,0,0,0,1,0,0,1,0
Lee Hyuk,0.795,0.603,0.382,9.82e-06,0.0945,-7.298,0.0267,147.947,0.393,172250.0,18,0,0.0,0,0,0,0,0,0,0,0,0,1,0,0,0,1,0,0,1,0
Nieah,0.0843,0.606,0.744,0.0,0.372,-4.053,0.121,169.798,0.199,173501.0,42,0,0.0,0,1,0,0,0,0,0,0,0,0,0,0,1,0,0,0,1,0
HORI7ON,0.0237,0.69,0.933,0.0,0.193,-2.525,0.173,110.023,0.807,189272.0,49,0,0.0,0,1,0,0,0,0,0,0,0,0,0,0,0,1,0,0,1,0
Nerd Connection,0.000105,0.429,0.949,0.228,0.187,-2.413,0.14,128.068,0.277,170500.0,32,0,0.0,0,0,0,0,1,0,0,0,0,0,0,0,1,0,0,0,1,0
META.,0.0327,0.781,0.847,0.0,0.119,-7.804,0.317,100.002,0.139,189600.0,17,0,0.0,0,0,0,0,0,0,0,0,0,0,1,0,1,0,0,0,1,0
or&,0.86,0.549,0.417,0.0,0.108,-4.872,0.0282,129.758,0.218,211400.0,33,0,0.0,0,0,0,0,0,0,0,0,0,1,0,0,0,1,0,0,1,0
Wonstein,0.147,0.757,0.742,0.0,0.289,-5.664,0.0458,138.884,0.543,129947.0,47,0,0.35,0,0,0,0,0,1,0,0,0,0,0,0,1,0,0,0,1,0
Yang Hee Eun,0.939,0.421,0.257,0.0,0.098,-8.152,0.028,85.946,0.161,253387.0,49,0,0.0,0,0,0,0,1,0,0,0,0,0,0,0,0,1,0,1,0,0
XODIAC,0.133,0.756,0.758,0.0,0.164,-3.322,0.0435,126.042,0.812,208613.0,54,1,0.4285714285714286,0,0,0,0,1,0,0,0,0,0,0,0,0,1,0,0,1,0
Kid Milli,0.245,0.735,0.836,0.0,0.116,-3.683,0.0687,159.934,0.663,181735.0,48,0,0.0,0,0,0,0,0,0,0,0,0,0,1,0,1,0,0,0,1,0
DINDIN,0.117,0.743,0.591,0.0,0.0695,-6.672,0.0576,80.011,0.591,196120.0,37,0,0.0,0,1,0,0,0,0,0,0,0,0,0,0,0,1,0,0,1,0
WH3N,0.527,0.808,0.402,0.0,0.164,-5.582,0.0621,116.016,0.435,158560.0,25,0,0.0,0,0,0,0,0,0,0,0,0,0,0,1,0,1,0,0,1,0
xooos,0.164,0.763,0.682,0.0,0.104,-4.971,0.0895,138.089,0.595,199640.0,47,0,-0.6999999999999998,0,0,0,0,0,0,0,0,0,1,0,0,0,1,0,0,1,0
Sondia,0.821,0.447,0.39,3.86e-06,0.104,-8.266,0.0324,121.989,0.0871,253320.0,38,0,0.0,0,0,0,1,0,0,0,0,0,0,0,0,0,1,0,0,1,0
YUMIN,0.526,0.562,0.652,0.0,0.101,-4.689,0.0266,96.938,0.598,191755.0,26,0,0.0,1,0,0,0,0,0,0,0,0,0,0,0,0,1,0,0,1,0
Raina,0.00636,0.603,0.883,0.0,0.112,-3.982,0.0379,104.008,0.472,201850.0,32,0,0.0,0,0,0,0,0,0,0,1,0,0,0,0,0,1,0,0,1,0
Son Chamchi,0.0644,0.486,0.686,4.89e-06,0.12,-5.615,0.046,164.775,0.257,212727.0,20,0,0.0,0,0,0,0,0,0,0,0,0,1,0,0,0,1,0,0,1,0
JINBO,0.0998,0.607,0.559,4.97e-05,0.165,-6.414,0.0396,75.01,0.304,252500.0,21,0,0.0,0,0,0,0,0,0,0,0,0,0,1,0,1,0,0,0,1,0
E.SO,0.525,0.739,0.686,1.56e-06,0.162,-4.058,0.0616,90.037,0.507,218627.0,20,0,-0.6,0,0,0,0,0,0,0,0,0,0,1,0,1,0,0,0,1,0
Yeon Kyoo Seong,0.0141,0.582,0.741,0.00416,0.065,-5.805,0.0449,129.92,0.429,165308.0,16,0,0.0,0,0,0,0,0,0,0,0,0,0,1,0,1,0,0,0,1,0
SONIC STONES,6.64e-05,0.386,0.958,0.00126,0.124,-3.65,0.0663,155.919,0.817,177953.0,16,0,0.0,0,0,0,0,0,0,0,0,0,0,1,0,0,1,0,0,1,0
sweetch,0.503,0.676,0.589,0.0,0.541,-6.206,0.165,90.024,0.368,201691.0,22,0,0.0,0,0,0,0,0,1,0,0,0,0,0,0,1,0,0,0,1,0
RIPLEY,0.773,0.671,0.578,5.95e-06,0.165,-5.591,0.0306,120.008,0.381,222000.0,29,0,-0.15000000000000002,0,0,0,0,0,0,0,0,0,1,0,0,0,1,0,1,0,0
WOO,0.298,0.532,0.572,0.0,0.193,-5.185,0.03,139.821,0.386,255133.0,17,0,0.0,0,0,0,0,0,0,0,1,0,0,0,0,0,1,0,0,1,0
Ahn Heesu,0.906,0.791,0.293,3e-06,0.24,-7.549,0.0373,112.002,0.693,215000.0,17,0,0.0,0,0,0,0,0,0,0,0,0,1,0,0,0,1,0,0,1,0
MeloMance,0.526,0.636,0.678,0.0,0.146,-3.311,0.0274,92.005,0.713,178000.0,48,0,0.0,0,0,0,0,0,0,0,1,0,0,0,0,0,1,0,0,1,0
CIX,0.121,0.515,0.903,0.0,0.406,-2.386,0.0733,99.981,0.481,217880.0,61,1,0.0,0,1,0,0,0,0,0,0,0,0,0,0,1,0,0,0,1,0
AB6IX,0.0828,0.639,0.83,0.0,0.121,-2.872,0.0602,144.946,0.689,210401.0,52,1,0.0,0,0,0,0,0,1,0,0,0,0,0,0,1,0,0,0,1,0
Sojeong,0.0903,0.571,0.867,0.0,0.119,-1.872,0.0303,104.004,0.464,211133.0,26,0,0.0,0,0,0,0,0,0,0,0,0,0,0,1,0,1,0,0,1,0
Cha ga eul,0.539,0.426,0.579,0.0,0.302,-3.166,0.0369,203.797,0.446,192200.0,32,0,0.0,0,0,0,0,0,0,0,0,0,1,0,0,0,1,0,0,1,0
The Electriceels,0.00155,0.549,0.83,0.0119,0.0918,-5.763,0.0367,191.818,0.919,193880.0,28,0,0.1,0,0,0,0,0,1,0,0,0,0,0,0,0,1,0,0,1,0
Tamiz,0.757,0.898,0.494,4.51e-06,0.0975,-6.943,0.087,82.013,0.942,166080.0,23,0,0.0,0,0,0,0,0,0,0,0,0,1,0,0,0,1,0,0,1,0
SOOHYUN,0.156,0.406,0.507,0.0,0.121,-7.36,0.0331,133.046,0.264,225536.0,20,0,0.0,0,0,0,1,0,0,0,0,0,0,0,0,0,1,0,0,1,0
Kei,0.515,0.43,0.373,0.000105,0.102,-6.572,0.0295,82.829,0.0462,251907.0,39,0,0.0,0,0,0,0,0,0,0,1,0,0,0,0,1,0,0,0,1,0
Hwang In Wook,0.187,0.42,0.673,0.0,0.145,-2.953,0.0476,133.69,0.37,208373.0,35,0,0.0,0,0,1,0,0,0,0,0,0,0,0,0,0,1,0,0,1,0
Eun ga eun,0.744,0.273,0.427,1.08e-05,0.0557,-3.125,0.0299,137.844,0.207,259048.0,16,0,0.0,0,0,0,0,0,0,1,0,0,0,0,0,0,1,0,0,1,0
Juncoco,0.0204,0.476,0.807,0.0,0.176,-4.856,0.0831,168.178,0.493,216467.0,18,0,0.0,0,0,0,0,0,0,0,0,0,0,0,1,1,0,0,0,1,0
kursor,0.631,0.533,0.431,0.0,0.0871,-8.853,0.0355,125.645,0.312,227619.0,16,0,0.0,0,0,0,0,0,0,0,1,0,0,0,0,1,0,0,0,1,0
LEEWOO,0.45,0.408,0.564,0.0,0.178,-4.39,0.034,141.09,0.348,259680.0,33,0,0.0,0,0,0,1,0,0,0,0,0,0,0,0,0,1,0,0,1,0
U-Rim,0.78,0.394,0.53,0.0,0.34,-3.568,0.0335,134.668,0.348,205987.0,18,0,0.0,0,0,0,0,0,0,0,0,0,0,1,0,0,1,0,0,1,0
Jeon Yoodong,0.169,0.69,0.606,0.0435,0.114,-7.611,0.0336,110.003,0.654,312840.0,15,0,-0.05,0,0,1,0,0,0,0,0,0,0,0,0,0,1,0,0,1,0
Able,0.547,0.718,0.758,0.0,0.116,-3.574,0.0379,93.993,0.503,186701.0,17,0,0.0,0,0,0,0,0,0,0,0,0,0,1,0,0,1,0,0,1,0
Hong Yaejin,0.843,0.691,0.28,0.0,0.107,-8.445,0.0287,91.946,0.402,280920.0,15,0,0.7,0,0,0,0,0,0,0,0,0,0,1,0,0,1,0,0,1,0
lunCHbox,0.349,0.77,0.514,0.0,0.267,-7.3,0.0513,111.956,0.283,156750.0,24,0,0.3,0,0,0,0,0,0,0,0,0,1,0,0,0,1,0,1,0,0
RAN,0.837,0.439,0.462,1.42e-06,0.186,-6.006,0.0291,129.377,0.334,183061.0,15,0,0.0,0,0,0,0,0,1,0,0,0,0,0,0,0,1,0,0,1,0
PITCHGRIN,0.964,0.458,0.227,9.23e-05,0.404,-12.472,0.0285,155.446,0.486,168857.0,13,0,0.0,0,0,0,0,0,0,0,0,0,0,0,1,1,0,0,1,0,0
Geum Nara,0.797,0.488,0.507,0.0,0.23,-3.626,0.0311,135.425,0.15,198816.0,13,0,-0.2,0,0,0,0,0,0,0,1,0,0,0,0,0,1,0,0,1,0
Norwegian Wood,0.706,0.731,0.463,0.0,0.302,-6.355,0.0272,99.045,0.462,210909.0,18,0,0.0,0,0,0,0,0,0,0,0,0,0,1,0,0,1,0,0,1,0
HELLO GLOOM,0.0294,0.693,0.888,5.84e-05,0.065,-4.939,0.0419,125.103,0.546,179680.0,37,0,0.0,1,0,0,0,0,0,0,0,0,0,0,0,0,1,0,0,1,0
유니스,0.121,0.54,0.751,0.0,0.0801,-2.651,0.0793,79.792,0.511,187600.0,23,0,0.0,1,0,0,0,0,0,0,0,0,0,0,0,0,1,0,0,1,0
ecru,0.544,0.619,0.51,0.0107,0.19,-7.033,0.0637,79.945,0.544,197000.0,20,0,0.0,0,0,0,0,0,0,0,0,1,0,0,0,1,0,0,0,1,0
Kim Areum,0.354,0.649,0.909,1.27e-06,0.0908,-4.044,0.0657,114.88,0.511,309487.0,24,0,0.85,0,0,0,1,0,0,0,0,0,0,0,0,1,0,0,0,1,0
XAVII,0.256,0.52,0.672,1.4e-06,0.103,-6.097,0.121,151.909,0.208,180000.0,18,0,0.0,0,0,0,0,0,0,0,0,0,1,0,0,0,1,0,0,1,0
TOIL,0.691,0.6,0.368,0.0,0.102,-7.921,0.0282,66.991,0.243,229240.0,42,0,0.5,0,0,0,0,0,1,0,0,0,0,0,0,0,1,0,0,1,0
LUCY,0.427,0.337,0.947,5.27e-05,0.0875,-3.355,0.365,205.863,0.316,164027.0,36,0,0.0,0,0,0,0,0,0,0,0,0,1,0,0,0,1,0,0,1,0
EPEX,0.00563,0.554,0.816,0.0,0.134,-3.809,0.0488,133.097,0.612,153240.0,44,0,0.7,0,0,0,0,0,0,0,1,0,0,0,0,0,1,0,0,1,0
Damu,0.449,0.475,0.437,0.0,0.117,-5.78,0.0273,134.264,0.148,248731.0,12,0,0.0,0,1,0,0,0,0,0,0,0,0,0,0,0,1,0,0,0,1
Song Sohee,0.152,0.44,0.543,9.49e-06,0.203,-6.272,0.0298,149.994,0.0697,367500.0,26,0,0.0,0,1,0,0,0,0,0,0,0,0,0,0,1,0,0,1,0,0
Loeyn,0.0327,0.692,0.698,0.0,0.164,-7.086,0.0323,119.994,0.306,212540.0,13,0,0.0,0,1,0,0,0,0,0,0,0,0,0,0,0,1,0,0,1,0
CHABITNA,0.648,0.612,0.503,7.8e-05,0.159,-7.469,0.0256,96.063,0.448,253606.0,12,0,0.0,0,0,0,0,0,0,0,1,0,0,0,0,0,1,0,0,1,0
Jiselle,0.135,0.711,0.649,0.0,0.326,-4.473,0.0442,139.984,0.517,167933.0,42,0,0.0,0,1,0,0,0,0,0,0,0,0,0,0,1,0,0,0,1,0
SBGB,0.773,0.643,0.234,2.28e-06,0.137,-10.073,0.0361,114.904,0.28,184287.0,22,0,0.0,1,0,0,0,0,0,0,0,0,0,0,0,0,1,0,1,0,0
어반폴리,0.656,0.549,0.48,0.0,0.121,-5.447,0.0263,84.891,0.524,165877.0,12,0,0.0,1,0,0,0,0,0,0,0,0,0,0,0,0,1,0,0,1,0
Avii Garde,4.03e-05,0.405,0.831,4.53e-06,0.254,-5.395,0.0333,172.054,0.475,196874.0,32,0,0.0,0,0,1,0,0,0,0,0,0,0,0,0,0,1,0,0,1,0
BBAHN,0.76,0.435,0.505,0.0,0.146,-5.445,0.0474,133.849,0.457,202575.0,12,0,0.0,0,0,0,0,0,0,1,0,0,0,0,0,0,1,0,0,1,0
Yojung,0.113,0.737,0.604,0.000136,0.334,-6.433,0.0596,88.017,0.713,163750.0,17,0,0.5416666666666667,0,0,0,0,0,0,0,1,0,0,0,0,0,1,0,0,1,0
Gemstone,0.225,0.439,0.553,0.0,0.127,-3.387,0.0282,137.9,0.323,266413.0,16,0,0.0,0,0,0,0,0,0,0,0,1,0,0,0,0,1,0,0,1,0
Cloudybay,0.172,0.317,0.619,0.0,0.0963,-4.646,0.0477,182.335,0.274,238677.0,24,0,-0.09999999999999998,0,0,0,0,0,0,0,0,0,1,0,0,0,1,0,0,1,0
Echae Kang,0.891,0.595,0.326,0.0164,0.106,-7.409,0.0335,84.991,0.241,216427.0,15,0,0.0,1,0,0,0,0,0,0,0,0,0,0,0,0,1,0,0,1,0
KyoungSeo,0.305,0.652,0.844,0.0,0.0991,-1.802,0.0358,97.028,0.703,198987.0,45,0,0.0,0,0,0,0,0,0,0,0,0,1,0,0,0,1,0,0,1,0
Choisoowoong,0.725,0.652,0.207,0.0,0.195,-10.723,0.0364,113.832,0.153,280250.0,16,0,0.0,0,0,0,0,0,0,0,0,0,1,0,0,0,1,0,0,1,0
LIA (ITZY),0.844,0.534,0.356,0.0,0.0968,-6.854,0.0307,129.352,0.349,236308.0,50,0,0.5,0,0,0,0,0,0,0,0,1,0,0,0,0,1,0,0,1,0
The Ska Jazz Unit,0.248,0.807,0.499,3.07e-05,0.112,-7.241,0.0648,82.051,0.727,234923.0,12,0,0.0,0,0,0,0,0,0,0,0,1,0,0,0,0,1,0,0,1,0
The Sound,5.94e-05,0.507,0.889,1.35e-05,0.127,-4.828,0.0427,140.059,0.444,240368.0,13,0,0.0,0,0,0,0,0,0,0,0,0,1,0,0,0,1,0,0,1,0
1%,0.303,0.713,0.743,0.0,0.131,-4.096,0.0285,103.963,0.701,212792.0,12,0,0.2857142857142857,0,0,0,0,0,0,1,0,0,0,0,0,0,1,0,0,1,0
Song Ga In,0.448,0.531,0.572,0.0,0.22,-4.257,0.0295,94.99,0.172,235907.0,29,0,0.375,0,1,0,0,0,0,0,0,0,0,0,0,0,1,0,1,0,0
아이리 칸나,0.133,0.687,0.955,0.0,0.336,-1.759,0.127,127.955,0.717,206400.0,41,0,0.0,0,0,0,0,0,0,1,0,0,0,0,0,0,1,0,0,1,0
Yu ji eun,0.678,0.355,0.311,2.85e-06,0.212,-8.463,0.0307,71.383,0.323,231667.0,11,0,0.25,0,0,0,0,0,1,0,0,0,0,0,0,0,1,0,0,1,0
무성,0.454,0.392,0.466,0.0,0.245,-4.299,0.0286,151.765,0.229,271872.0,11,0,0.0,1,0,0,0,0,0,0,0,0,0,0,0,0,1,0,1,0,0
JeongWoo Ko,0.315,0.686,0.805,0.0,0.29,-3.521,0.0328,138.031,0.817,198512.0,9,0,0.0,0,0,0,0,1,0,0,0,0,0,0,0,1,0,0,0,1,0
234,0.568,0.634,0.33,5.03e-05,0.146,-10.663,0.0376,172.067,0.543,177165.0,10,0,0.0,0,0,1,0,0,0,0,0,0,0,0,0,0,1,0,0,1,0
CANDO,0.688,0.531,0.428,0.0,0.313,-5.568,0.0305,131.654,0.209,204002.0,10,0,0.0,0,0,0,0,0,0,0,0,0,0,0,1,0,1,0,0,1,0
SFC.JGR,0.371,0.613,0.658,1.23e-05,0.0971,-8.72,0.126,75.917,0.491,213040.0,29,0,-0.09999999999999998,0,0,0,0,0,0,1,0,0,0,0,0,1,0,0,0,1,0
Paul Kim,0.186,0.744,0.72,0.0,0.38,-4.255,0.0304,105.053,0.419,199133.0,51,1,-0.07500000000000001,0,0,0,0,0,0,0,0,0,0,0,1,0,1,0,0,1,0
INJAE,0.397,0.571,0.725,0.0,0.315,-2.812,0.0441,159.803,0.57,196075.0,41,0,0.5,0,0,0,0,0,0,0,1,0,0,0,0,0,1,0,0,1,0
TRI.BE,0.299,0.737,0.785,0.0,0.139,-2.825,0.119,110.107,0.688,177533.0,39,0,0.0,0,0,0,0,0,0,1,0,0,0,0,0,0,1,0,0,1,0
Xitsuh,0.427,0.681,0.59,0.00025,0.113,-6.965,0.0442,82.506,0.66,217500.0,16,0,0.0,0,0,0,0,0,0,1,0,0,0,0,0,0,1,0,0,1,0
Advanced,0.0261,0.702,0.857,9.89e-05,0.213,-3.836,0.0447,99.986,0.498,190520.0,26,0,0.0,0,0,0,0,0,1,0,0,0,0,0,0,1,0,0,0,1,0
BF,0.47,0.617,0.567,0.0,0.377,-6.1,0.0433,91.022,0.588,215500.0,22,0,0.0,0,0,0,0,0,0,0,0,1,0,0,0,0,1,0,0,1,0
CRYBABY,0.678,0.81,0.557,3.4e-06,0.117,-6.112,0.118,100.013,0.65,193467.0,19,0,0.0,0,0,1,0,0,0,0,0,0,0,0,0,1,0,0,0,1,0
HEIZE,0.755,0.399,0.624,0.0,0.0945,-6.274,0.0597,169.835,0.295,168473.0,41,0,0.0,0,0,0,0,0,0,0,0,0,1,0,0,0,1,0,0,1,0
The Stray,0.759,0.562,0.473,0.0,0.166,-5.546,0.0364,125.803,0.25,223240.0,27,0,0.4,1,0,0,0,0,0,0,0,0,0,0,0,0,1,0,0,1,0
COOING,0.572,0.679,0.578,0.0,0.141,-4.844,0.0342,99.937,0.197,203427.0,29,0,0.0,1,0,0,0,0,0,0,0,0,0,0,0,0,1,0,0,1,0
PLAVE,0.49,0.843,0.567,0.00106,0.123,-5.569,0.0342,100.03,0.669,147373.0,64,1,0.0,1,0,0,0,0,0,0,0,0,0,0,0,0,1,0,0,1,0
Nam Dong Hyun,0.626,0.785,0.583,0.956,0.354,-9.628,0.0694,108.09,0.157,84583.0,25,0,0.0,0,0,0,0,0,0,0,0,0,1,0,0,1,0,0,1,0,0
LUCY,0.0601,0.649,0.649,0.0,0.106,-4.644,0.0305,113.986,0.468,213660.0,38,0,0.5,1,0,0,0,0,0,0,0,0,0,0,0,0,1,0,0,1,0
Dreamcatcher,0.00417,0.487,0.858,0.0,0.149,-3.915,0.0603,157.962,0.523,213507.0,71,1,0.0,0,0,0,0,0,1,0,0,0,0,0,0,0,1,0,0,1,0
채수빈,0.0349,0.8,0.732,0.0,0.124,-3.745,0.0408,120.011,0.286,182773.0,48,0,0.0,0,0,0,0,0,0,0,1,0,0,0,0,0,1,0,0,1,0
PATEKO,0.159,0.564,0.642,0.0,0.154,-5.489,0.0328,159.858,0.399,200880.0,36,0,0.0,0,0,1,0,0,0,0,0,0,0,0,0,0,1,0,0,1,0
SECRET NUMBER,0.281,0.687,0.914,0.0,0.383,-1.503,0.0589,100.964,0.767,185213.0,57,1,0.0,0,0,0,0,0,0,0,0,0,1,0,0,1,0,0,0,1,0
ENHYPEN,0.285,0.795,0.781,0.0,0.108,-4.647,0.141,104.972,0.687,157532.0,88,1,0.0,0,1,0,0,0,0,0,0,0,0,0,0,0,1,0,0,1,0
Lee Moon Sae,0.75,0.523,0.499,0.118,0.187,-5.47,0.024,82.013,0.292,218000.0,48,0,0.5,0,0,0,1,0,0,0,0,0,0,0,0,0,1,0,1,0,0
Padi,0.614,0.609,0.55,0.0,0.149,-7.163,0.0587,96.024,0.534,184908.0,46,0,0.0,0,0,0,0,0,0,0,0,0,0,1,0,1,0,0,0,1,0
Jeong Dong Won,0.317,0.48,0.427,0.0,0.106,-6.213,0.03,131.724,0.156,224507.0,23,0,0.0,1,0,0,0,0,0,0,0,0,0,0,0,0,1,0,0,1,0
K.vsh,0.439,0.635,0.487,0.0,0.121,-7.278,0.0909,131.601,0.171,277260.0,31,0,0.0,0,0,0,0,0,0,0,0,0,0,0,1,1,0,0,0,1,0
Choi Jungyoon,0.732,0.657,0.62,0.000263,0.192,-7.388,0.0639,125.945,0.41,188841.0,32,0,-0.8,0,0,1,0,0,0,0,0,0,0,0,0,0,1,0,0,1,0
Jang HeeWon,0.881,0.544,0.278,0.0,0.0895,-10.126,0.0336,99.416,0.138,187627.0,30,0,0.0,1,0,0,0,0,0,0,0,0,0,0,0,0,1,0,1,0,0
Seokman Cheon,0.633,0.795,0.507,1.69e-06,0.211,-6.432,0.0661,96.962,0.37,198000.0,18,0,0.375,0,0,0,0,0,1,0,0,0,0,0,0,0,1,0,0,1,0
ALEPH,0.675,0.623,0.587,0.00121,0.284,-7.216,0.0341,135.99,0.271,225882.0,31,0,0.0,0,0,0,0,0,0,0,0,0,1,0,0,0,1,0,0,1,0
Doha (XEED),0.721,0.733,0.563,0.0,0.152,-5.13,0.0261,105.998,0.699,225429.0,35,0,0.0,0,0,1,0,0,0,0,0,0,0,0,0,0,1,0,0,1,0
Jay Park,0.124,0.584,0.712,0.0,0.118,-7.215,0.204,103.914,0.649,186019.0,66,1,0.0,0,0,0,0,0,0,0,0,1,0,0,0,0,1,0,0,1,0
KARD,0.0443,0.81,0.841,0.0,0.161,-1.843,0.097,112.002,0.697,179240.0,74,1,-0.3,0,0,0,0,0,0,0,1,0,0,0,0,0,1,0,0,1,0
Wonstein,0.0454,0.913,0.501,0.0,0.117,-8.76,0.0653,130.055,0.402,136973.0,43,0,0.0,0,0,0,0,0,0,0,1,0,0,0,0,0,1,0,0,1,0
Sweden Laundry,0.853,0.606,0.294,0.0,0.11,-9.211,0.0362,130.086,0.604,187987.0,25,0,0.0,0,0,0,1,0,0,0,0,0,0,0,0,0,1,0,1,0,0
DONGHAE,0.0428,0.572,0.892,0.0,0.335,-4.104,0.0404,129.955,0.788,222080.0,34,0,0.0,0,0,1,0,0,0,0,0,0,0,0,0,0,1,0,0,1,0
Jukjae,0.579,0.557,0.33,0.000129,0.106,-9.198,0.0301,74.746,0.408,215467.0,40,0,0.0,0,0,0,0,0,1,0,0,0,0,0,0,0,1,0,0,1,0
SEOLA,0.834,0.612,0.549,1.98e-06,0.221,-6.529,0.0379,90.058,0.241,219613.0,33,0,0.0,0,0,0,0,1,0,0,0,0,0,0,0,0,1,0,0,1,0
Ourealgoat,0.316,0.801,0.614,0.0,0.134,-6.41,0.0518,91.995,0.42,128804.0,34,0,0.0,1,0,0,0,0,0,0,0,0,0,0,0,0,1,0,0,1,0
Glen Check,0.000116,0.305,0.803,0.00573,0.279,-3.577,0.0364,100.024,0.178,173173.0,37,0,-0.1,0,0,0,0,1,0,0,0,0,0,0,0,0,1,0,0,1,0
Bily Acoustie,0.0816,0.609,0.615,0.0,0.109,-5.201,0.0346,93.849,0.365,184330.0,29,0,0.0,0,0,0,0,0,1,0,0,0,0,0,0,0,1,0,0,1,0
Han All,0.859,0.78,0.357,0.0,0.104,-7.383,0.035,112.131,0.526,232588.0,26,0,0.8,0,0,1,0,0,0,0,0,0,0,0,0,0,1,0,0,1,0
JOOHONEY,0.252,0.614,0.788,0.0,0.267,-2.879,0.068,138.002,0.37,211480.0,68,1,0.0,1,0,0,0,0,0,0,0,0,0,0,0,1,0,0,0,1,0
Lee Seok Hoon,0.676,0.599,0.7,0.0,0.116,-6.067,0.0646,159.707,0.426,245027.0,32,0,0.6,0,0,0,0,0,0,0,0,1,0,0,0,0,1,0,0,1,0
Danielle,0.914,0.382,0.177,0.0,0.108,-13.733,0.0423,81.708,0.309,214373.0,61,1,-0.1875,0,0,0,0,0,0,1,0,0,0,0,0,0,1,0,1,0,0
Ulala Session,0.59,0.437,0.521,0.0,0.179,-5.392,0.033,135.673,0.19,260653.0,22,0,0.0,1,0,0,0,0,0,0,0,0,0,0,0,0,1,0,0,1,0
lobonabeat!,0.084,0.845,0.532,0.000213,0.0708,-6.03,0.0814,75.019,0.302,125000.0,34,0,0.0,0,0,0,0,0,0,0,0,1,0,0,0,0,1,0,0,1,0
Ja Jung,0.473,0.437,0.746,0.0,0.118,-2.304,0.0475,173.736,0.243,233827.0,26,0,0.7,0,0,0,0,0,1,0,0,0,0,0,0,0,1,0,0,1,0
YOUNGTAK,0.13,0.7,0.65,0.0,0.0683,-3.314,0.0453,104.034,0.736,166960.0,26,0,0.0,0,0,0,0,0,0,1,0,0,0,0,0,1,0,0,0,1,0
BUMJIN,0.573,0.557,0.684,0.0,0.0679,-4.53,0.061,180.065,0.695,194167.0,23,0,0.0,0,0,0,0,0,0,0,0,0,0,1,0,1,0,0,0,1,0
Sogaksogak,0.55,0.687,0.586,0.0,0.056,-4.857,0.115,91.073,0.686,148973.0,25,0,-0.4,0,0,0,0,0,1,0,0,0,0,0,0,0,1,0,0,1,0
Sung Si Kyung,0.771,0.496,0.427,0.000142,0.108,-9.015,0.0277,75.056,0.204,182800.0,35,0,0.0,0,0,0,0,0,0,0,1,0,0,0,0,0,1,0,1,0,0
Jackal,0.172,0.824,0.887,0.00281,0.166,-2.007,0.148,150.054,0.85,234229.0,18,0,0.0,0,0,0,0,0,0,0,0,0,1,0,0,0,1,0,0,1,0
DNEIRF,0.588,0.868,0.522,0.0,0.0862,-5.962,0.0721,91.98,0.805,138323.0,19,0,0.0,1,0,0,0,0,0,0,0,0,0,0,0,0,1,0,0,1,0
Yeoeun,0.754,0.47,0.474,0.0,0.0925,-4.374,0.0316,136.073,0.231,201035.0,16,0,0.0,0,0,0,0,0,1,0,0,0,0,0,0,0,1,0,0,1,0
GRAM,0.384,0.661,0.58,0.0,0.219,-4.728,0.196,73.047,0.885,193160.0,19,0,0.75,0,1,0,0,0,0,0,0,0,0,0,0,0,1,0,0,1,0
천재호영,0.0293,0.859,0.563,0.000473,0.163,-7.179,0.227,83.026,0.687,147397.0,17,0,0.0,0,0,0,0,0,0,0,1,0,0,0,0,1,0,0,0,1,0
D-Hack,0.684,0.526,0.612,0.0,0.41,-6.019,0.0536,169.929,0.346,230824.0,20,0,0.0,1,0,0,0,0,0,0,0,0,0,0,0,1,0,0,0,1,0
Holynn,0.11,0.739,0.602,0.0,0.361,-3.945,0.0782,154.929,0.884,174520.0,20,0,-0.6,0,0,0,0,0,0,1,0,0,0,0,0,1,0,0,0,1,0
Masterclass,0.913,0.679,0.305,0.049,0.0992,-15.421,0.29,89.97,0.172,220000.0,19,0,-0.1,0,0,0,0,0,0,0,0,1,0,0,0,0,1,0,0,1,0
YUN HYUN JI,0.707,0.736,0.536,0.000452,0.0783,-7.82,0.0585,79.991,0.107,197451.0,17,0,0.0,0,0,0,0,0,1,0,0,0,0,0,0,1,0,0,0,1,0
Ran,0.759,0.413,0.501,0.0,0.131,-5.389,0.0356,129.852,0.243,189616.0,15,0,0.0,0,0,0,0,0,0,0,0,0,0,0,1,0,1,0,0,1,0
Slowcity,0.115,0.518,0.813,0.0,0.236,-4.468,0.0831,177.881,0.711,238053.0,16,0,0.0,0,0,0,0,0,0,0,0,1,0,0,0,0,1,0,0,1,0
Sin Ye Young,0.499,0.476,0.542,0.0,0.165,-4.664,0.0293,131.737,0.222,235307.0,31,0,0.5,0,0,0,0,0,0,0,0,1,0,0,0,0,1,0,0,1,0
THAMA,0.674,0.71,0.29,8.22e-06,0.119,-7.28,0.0294,116.908,0.409,152963.0,44,0,0.0,0,0,0,0,0,0,0,0,1,0,0,0,0,1,0,0,1,0
GUNHO,0.782,0.807,0.412,0.0,0.2,-6.447,0.038,117.071,0.7,233846.0,28,0,0.0,0,0,0,0,0,0,0,1,0,0,0,0,0,1,0,0,1,0
JAEMAN,0.827,0.664,0.381,0.0,0.112,-6.307,0.0257,80.006,0.473,197440.0,24,0,0.0,0,0,1,0,0,0,0,0,0,0,0,0,0,1,0,0,1,0
Deepshower,0.00196,0.572,0.722,1.72e-06,0.0843,-5.644,0.0991,105.228,0.206,170611.0,25,0,0.3181818181818182,0,0,0,0,0,1,0,0,0,0,0,0,1,0,0,0,1,0
Ryo,0.0346,0.725,0.503,0.0,0.141,-8.209,0.0334,124.98,0.833,159115.0,15,0,-0.1875,1,0,0,0,0,0,0,0,0,0,0,0,0,1,0,0,1,0
yukon,0.758,0.244,0.45,0.0,0.369,-5.304,0.0309,80.672,0.201,208453.0,23,0,0.5,0,0,0,0,0,0,0,0,0,0,1,0,1,0,0,0,1,0
1set,0.535,0.606,0.482,0.0,0.216,-5.896,0.072,171.923,0.649,207707.0,21,0,0.0,0,0,0,0,1,0,0,0,0,0,0,0,1,0,0,0,1,0
N.Flying,0.175,0.64,0.831,0.0,0.124,-3.399,0.0744,105.093,0.807,215093.0,52,1,0.0,1,0,0,0,0,0,0,0,0,0,0,0,1,0,0,0,1,0
Yang Da Il,0.00563,0.38,0.851,0.0,0.26,-5.379,0.153,88.861,0.509,226915.0,25,0,0.0,0,1,0,0,0,0,0,0,0,0,0,0,0,1,0,0,1,0
안신애,0.2,0.554,0.86,0.0,0.372,-3.393,0.0343,129.916,0.615,148587.0,46,0,0.0,0,0,0,0,1,0,0,0,0,0,0,0,0,1,0,0,1,0
Rad Museum,0.122,0.697,0.642,3.78e-06,0.15,-6.329,0.0865,155.029,0.59,213000.0,38,0,-0.2916666666666667,0,0,0,0,0,0,0,0,0,0,1,0,1,0,0,0,1,0
NONE,0.504,0.629,0.576,0.0,0.118,-5.537,0.0436,124.018,0.314,240067.0,16,0,0.0,0,0,0,0,0,1,0,0,0,0,0,0,0,1,0,0,1,0
YooJeong,0.344,0.869,0.667,0.0,0.0714,-4.363,0.0333,106.015,0.927,147733.0,17,0,0.0,0,1,0,0,0,0,0,0,0,0,0,0,0,1,0,0,1,0
수빈,0.0201,0.229,0.839,0.0,0.121,-1.838,0.0464,180.081,0.472,221413.0,15,0,0.0,0,0,0,0,0,0,1,0,0,0,0,0,0,1,0,0,1,0
Kwon Byul,0.977,0.384,0.236,0.000764,0.108,-8.232,0.0379,180.782,0.2,149500.0,14,0,0.5,0,1,0,0,0,0,0,0,0,0,0,0,0,1,0,1,0,0
Kim Seheon,0.288,0.641,0.842,0.0,0.0978,-5.281,0.0347,94.994,0.188,106554.0,18,0,0.0,0,1,0,0,0,0,0,0,0,0,0,0,0,1,0,0,1,0
nautilus,0.183,0.716,0.792,0.0,0.285,-2.687,0.122,105.004,0.713,226907.0,18,0,0.0,1,0,0,0,0,0,0,0,0,0,0,0,0,1,0,0,1,0
Coa White,0.444,0.879,0.648,0.0,0.0732,-5.859,0.324,137.927,0.866,185250.0,19,0,0.0,1,0,0,0,0,0,0,0,0,0,0,0,0,1,0,0,1,0
DOJIN,0.522,0.757,0.542,0.0,0.0899,-4.804,0.142,172.048,0.803,138663.0,24,0,0.0,1,0,0,0,0,0,0,0,0,0,0,0,0,1,0,0,1,0
Homemade recording,0.712,0.771,0.256,0.0,0.122,-11.608,0.0426,119.815,0.591,182187.0,14,0,0.0,0,0,0,0,0,0,0,0,0,0,1,0,0,1,0,0,1,0
REBENN,0.628,0.744,0.549,1.15e-06,0.0975,-6.644,0.0322,160.039,0.716,177937.0,29,0,0.0,0,0,0,0,0,1,0,0,0,0,0,0,0,1,0,0,1,0
Kim Min Wool,0.739,0.452,0.558,0.0,0.11,-3.835,0.0351,134.816,0.204,286894.0,12,0,0.0,0,0,0,0,0,0,0,1,0,0,0,0,0,1,0,0,1,0
Song Pu Reum,0.644,0.471,0.516,0.0,0.0729,-3.606,0.0325,133.251,0.186,244000.0,22,0,0.0,0,0,0,0,0,0,0,0,0,0,1,0,0,1,0,0,1,0
CADEJO,0.0393,0.743,0.734,0.234,0.047,-9.074,0.0694,113.445,0.963,152000.0,20,0,0.0,1,0,0,0,0,0,0,0,0,0,0,0,0,1,0,0,1,0
1sagain,0.241,0.671,0.754,0.0,0.818,-4.15,0.0437,103.003,0.56,224093.0,14,0,0.5,0,0,0,1,0,0,0,0,0,0,0,0,1,0,0,0,1,0
MaseWonder,0.104,0.552,0.54,0.0,0.0721,-6.805,0.0679,180.937,0.342,150064.0,15,0,0.0,0,0,0,0,0,0,0,1,0,0,0,0,0,1,0,1,0,0
Norwegian Wood,0.91,0.392,0.215,4.09e-05,0.124,-10.511,0.0334,128.335,0.219,202479.0,17,0,0.0,0,0,0,0,0,0,0,0,1,0,0,0,0,1,0,1,0,0
16,0.164,0.751,0.547,0.0,0.403,-5.148,0.0349,131.985,0.391,227187.0,25,0,0.0,1,0,0,0,0,0,0,0,0,0,0,0,1,0,0,0,1,0
SEUNGKWAN,0.867,0.541,0.594,1.31e-05,0.109,-6.761,0.031,139.895,0.191,229714.0,62,1,0.0,0,0,1,0,0,0,0,0,0,0,0,0,0,1,0,0,1,0
LEE CHANGSUB,0.45,0.637,0.644,0.0,0.0741,-3.837,0.0256,93.022,0.395,236000.0,41,0,0.7,0,0,0,0,0,1,0,0,0,0,0,0,1,0,0,0,1,0
Mac Kidd,0.369,0.903,0.791,2.29e-06,0.122,-7.156,0.124,140.057,0.365,222037.0,13,0,-0.125,0,1,0,0,0,0,0,0,0,0,0,0,0,1,0,0,1,0
Lee Chae Bin,0.5,0.633,0.61,0.0,0.267,-4.663,0.0423,94.011,0.485,171373.0,16,0,0.5,0,0,0,0,0,0,1,0,0,0,0,0,0,1,0,0,1,0
AleXa,0.0423,0.849,0.87,0.0,0.0273,-2.853,0.11,117.974,0.719,192973.0,32,0,0.0,0,1,0,0,0,0,0,0,0,0,0,0,0,1,0,0,1,0
Ha Sang Wook,0.722,0.428,0.228,0.0,0.125,-8.697,0.0317,132.082,0.34,242707.0,14,0,0.0,0,0,0,0,0,1,0,0,0,0,0,0,0,1,0,0,1,0
HANDAM,0.0308,0.769,0.772,0.0,0.272,-4.2,0.0417,122.031,0.835,199920.0,23,0,0.0,0,0,0,0,0,1,0,0,0,0,0,0,1,0,0,0,1,0
umu,0.00044,0.502,0.578,0.00206,0.0951,-4.017,0.0791,165.003,0.5,150453.0,29,0,0.0,1,0,0,0,0,0,0,0,0,0,0,0,0,1,0,0,1,0
Joo Hyunmin,0.842,0.493,0.381,0.0,0.106,-4.871,0.0298,131.967,0.265,228807.0,12,0,0.0,0,0,0,0,0,0,1,0,0,0,0,0,0,1,0,0,1,0
Jxxn,0.415,0.551,0.597,0.00243,0.0979,-5.998,0.0302,180.014,0.354,176000.0,14,0,0.0,0,0,0,0,0,0,0,0,0,0,0,1,0,1,0,0,1,0
The Ade,0.776,0.572,0.589,0.0,0.0919,-4.095,0.0312,126.009,0.552,260760.0,21,0,0.0,0,0,0,0,0,0,0,0,1,0,0,0,0,1,0,0,1,0
Unchan,0.897,0.545,0.217,0.0,0.373,-8.796,0.0335,173.786,0.252,203590.0,17,0,0.0,0,0,0,1,0,0,0,0,0,0,0,0,0,1,0,0,1,0
Heo JeongHyuk,0.863,0.675,0.49,0.0106,0.371,-11.734,0.0387,110.015,0.375,195291.0,11,0,0.0,0,0,0,0,1,0,0,0,0,0,0,0,0,1,0,0,1,0
Kajin,0.75,0.293,0.437,0.0,0.527,-5.256,0.0301,140.267,0.204,224048.0,11,0,0.0,0,0,1,0,0,0,0,0,0,0,0,0,0,1,0,0,1,0
Asahi,0.639,0.818,0.643,0.0,0.092,-4.77,0.0346,113.009,0.876,176480.0,13,0,0.0,0,0,0,0,0,0,1,0,0,0,0,0,0,1,0,0,1,0
Ahn Sung Hoon,0.0627,0.509,0.682,9.68e-06,0.273,-5.599,0.0424,114.351,0.384,207000.0,12,0,0.5,1,0,0,0,0,0,0,0,0,0,0,0,1,0,1,0,0,0
Minsu,0.624,0.712,0.697,0.00582,0.106,-5.228,0.253,167.931,0.734,209074.0,34,0,0.0,0,0,0,0,0,0,0,0,1,0,0,0,0,1,0,0,1,0
Goopy,0.0258,0.839,0.403,0.00045,0.0867,-5.455,0.0615,95.003,0.896,123107.0,27,0,0.0,0,0,0,0,0,0,0,0,1,0,0,0,0,1,0,0,1,0
YURI,0.226,0.656,0.797,0.0,0.345,-4.791,0.15,171.966,0.562,207853.0,22,0,0.0,0,0,1,0,0,0,0,0,0,0,0,0,1,0,0,0,1,0
BLACKSWAN,0.03,0.6,0.902,0.000308,0.175,-3.357,0.059,173.925,0.791,195467.0,62,1,0.0,0,0,0,0,0,0,0,1,0,0,0,0,0,1,0,0,1,0
SPR safety,0.109,0.656,0.891,0.0,0.0381,-3.431,0.362,160.269,0.792,168891.0,13,0,0.0,0,0,0,0,0,0,0,0,0,0,1,0,1,0,0,0,1,0
Hoon(UKISS),0.0427,0.696,0.808,3.94e-05,0.157,-5.498,0.0739,100.003,0.394,239647.0,18,0,0.0,0,0,0,0,0,1,0,0,0,0,0,0,1,0,0,0,1,0
Sik-K,0.0531,0.593,0.738,0.0,0.249,-4.439,0.0377,140.075,0.136,180360.0,50,0,0.0,0,1,0,0,0,0,0,0,0,0,0,0,0,1,0,0,1,0
ATBO,0.0702,0.762,0.881,0.0,0.052,-2.368,0.0954,95.993,0.686,200413.0,47,0,0.0,0,0,0,0,0,1,0,0,0,0,0,0,1,0,0,0,1,0
JUNGWOO,0.937,0.478,0.132,0.000106,0.0991,-12.854,0.0314,75.481,0.16,147336.0,26,0,0.0,0,0,0,0,0,0,0,0,0,0,0,1,1,0,0,0,1,0
Son June Hyuk,0.872,0.377,0.432,0.0,0.256,-5.253,0.0337,135.462,0.545,228498.0,11,0,0.0,0,0,0,0,1,0,0,0,0,0,0,0,1,0,0,0,1,0
Lee Hong Ki (FTISLAND),0.477,0.469,0.468,0.0,0.133,-5.22,0.0305,129.692,0.109,256933.0,34,0,0.25,0,0,0,0,1,0,0,0,0,0,0,0,0,1,0,0,1,0
PICK on the top,0.299,0.773,0.792,0.0,0.195,-1.876,0.21,149.869,0.702,186733.0,52,1,0.5,0,0,1,0,0,0,0,0,0,0,0,0,0,1,0,0,1,0
Myeong E-Wol,0.31,0.763,0.756,0.00434,0.194,-1.905,0.0568,109.993,0.8,232025.0,11,0,0.0,0,0,0,0,0,1,0,0,0,0,0,0,1,0,0,0,1,0
SOMA,0.00196,0.419,0.701,0.718,0.208,-5.519,0.128,172.009,0.0476,397385.0,21,0,0.0,0,0,0,0,1,0,0,0,0,0,0,0,1,0,0,0,1,0
Kim Areum,0.182,0.698,0.688,0.0,0.271,-5.878,0.0534,100.006,0.742,206100.0,37,0,0.0,0,0,0,0,0,1,0,0,0,0,0,0,0,1,0,0,1,0
Chan,0.105,0.891,0.814,0.0,0.0512,-5.529,0.0826,121.999,0.975,159587.0,36,0,0.0,0,0,0,0,1,0,0,0,0,0,0,0,1,0,0,0,1,0
오현우,0.948,0.354,0.255,1.03e-05,0.0784,-8.509,0.0355,96.719,0.546,243474.0,20,0,0.0,0,1,0,0,0,0,0,0,0,0,0,0,0,1,0,0,1,0
Hwang Inhyeock,0.872,0.436,0.339,0.0,0.137,-6.571,0.0311,127.0,0.297,238133.0,18,0,0.0,0,0,0,0,0,0,1,0,0,0,0,0,0,1,0,0,1,0
J.Fla,0.693,0.751,0.443,0.0,0.114,-7.246,0.0466,127.815,0.708,160362.0,34,0,0.0,0,0,0,0,1,0,0,0,0,0,0,0,0,1,0,0,1,0
kuzi,0.389,0.816,0.464,0.0,0.112,-9.414,0.0793,149.943,0.309,172822.0,19,0,0.0,0,1,0,0,0,0,0,0,0,0,0,0,0,1,0,0,1,0
My Aunt Mary,0.00232,0.484,0.765,0.0,0.112,-5.971,0.0382,122.022,0.212,324404.0,21,0,0.0,0,0,0,0,0,1,0,0,0,0,0,0,0,1,0,0,1,0
(G)I-DLE,0.0327,0.815,0.834,0.000268,0.27,-2.828,0.0475,129.989,0.692,161240.0,88,1,0.0,0,0,0,0,1,0,0,0,0,0,0,0,1,0,0,0,1,0
VERIVERY,0.0657,0.899,0.888,0.0,0.302,-3.917,0.158,116.989,0.72,191987.0,53,1,-0.6,0,0,0,0,0,0,0,1,0,0,0,0,1,0,0,0,1,0
Jukjae,0.279,0.637,0.571,0.00306,0.111,-6.778,0.0344,83.997,0.531,233874.0,32,0,0.0,0,1,0,0,0,0,0,0,0,0,0,0,0,1,0,0,1,0
Airman,0.294,0.565,0.635,0.0,0.0715,-4.629,0.0238,90.07,0.404,177267.0,36,0,0.0,0,0,0,0,0,1,0,0,0,0,0,0,0,1,0,0,1,0
MIJOO,0.0743,0.734,0.894,0.0,0.0598,-2.936,0.135,125.034,0.749,188427.0,67,1,0.0,0,0,0,0,0,0,1,0,0,0,0,0,0,1,0,0,1,0
YOUNITE,0.16,0.755,0.879,0.0,0.234,-3.406,0.0612,105.029,0.551,180495.0,52,1,0.0,1,0,0,0,0,0,0,0,0,0,0,0,1,0,0,0,1,0
Kim Feel,0.0288,0.623,0.81,0.000741,0.108,-4.148,0.0479,147.988,0.819,185486.0,48,0,0.625,0,1,0,0,0,0,0,0,0,0,0,0,1,0,0,0,1,0
J_ust,0.0777,0.477,0.601,0.0,0.0752,-4.625,0.0477,84.84,0.558,192768.0,34,0,0.0,0,0,0,0,0,0,1,0,0,0,0,0,1,0,0,0,1,0
JeHwi,0.802,0.461,0.388,2.07e-06,0.112,-8.001,0.0265,159.892,0.21,254000.0,47,0,0.0,1,0,0,0,0,0,0,0,0,0,0,0,0,1,0,1,0,0
AVOKID,0.283,0.665,0.749,0.0,0.0622,-3.957,0.0315,87.94,0.24,154091.0,23,0,0.0,0,0,0,0,0,0,0,1,0,0,0,0,0,1,0,0,1,0
99' Nasty Kidz,0.0179,0.835,0.795,1.02e-05,0.0649,-4.931,0.295,171.953,0.342,147907.0,21,0,0.0,0,1,0,0,0,0,0,0,0,0,0,0,0,1,0,0,1,0
JOSEOBIN,0.708,0.373,0.305,1.28e-06,0.106,-5.987,0.0311,67.96,0.29,222667.0,20,0,0.0,0,0,0,0,0,0,0,0,1,0,0,0,0,1,0,0,1,0
KYUHYUN,0.607,0.43,0.449,0.0,0.126,-6.493,0.0318,139.965,0.177,260853.0,46,0,0.5,0,0,0,0,0,0,0,0,0,0,0,1,0,1,0,0,1,0
CHEN,0.551,0.599,0.553,0.0,0.177,-4.667,0.0324,77.939,0.378,229347.0,56,1,0.0,0,0,1,0,0,0,0,0,0,0,0,0,0,1,0,0,1,0
Ha Hyun Sang,0.468,0.549,0.462,0.0,0.257,-6.963,0.0267,67.031,0.186,271973.0,39,0,0.0,0,0,0,0,0,0,0,0,0,1,0,0,0,1,0,0,1,0
Lee Heemoon,0.17,0.778,0.533,0.0156,0.094,-6.12,0.0679,120.859,0.822,230720.0,17,0,-0.2,0,1,0,0,0,0,0,0,0,0,0,0,0,1,0,0,1,0
Queen WA$ABII,0.0161,0.835,0.766,0.0,0.113,-3.989,0.134,111.965,0.573,158333.0,38,0,0.0,0,0,0,0,0,0,0,1,0,0,0,0,0,1,0,0,1,0
Rainbow note,0.045,0.679,0.915,0.0,0.33,-3.44,0.0606,101.985,0.663,212688.0,26,0,0.4,0,0,0,0,0,0,0,0,0,0,0,1,1,0,0,0,1,0
twlv,0.839,0.687,0.341,0.0,0.108,-6.912,0.0312,149.903,0.479,194195.0,36,0,0.0,0,0,0,0,1,0,0,0,0,0,0,0,1,0,0,0,1,0
iiso,0.0245,0.713,0.92,0.8,0.131,-7.301,0.0545,161.065,0.91,121685.0,42,0,0.0,0,0,0,0,0,0,1,0,0,0,0,0,1,0,0,0,1,0
XODIAC,0.314,0.667,0.703,0.0,0.138,-4.482,0.0544,119.902,0.311,210480.0,43,0,0.0,0,0,0,1,0,0,0,0,0,0,0,0,0,1,0,0,1,0
9001,0.00334,0.586,0.783,0.0,0.328,-2.599,0.0894,164.965,0.86,154000.0,36,0,-0.15555555555555559,0,1,0,0,0,0,0,0,0,0,0,0,1,0,0,0,1,0
Kyuri,0.669,0.436,0.371,7.94e-06,0.1,-6.852,0.0282,86.99,0.172,220227.0,38,0,0.0,0,0,0,0,0,1,0,0,0,0,0,0,1,0,0,0,1,0
NSW yoon,0.168,0.854,0.732,0.0,0.103,-5.053,0.159,154.005,0.527,113084.0,37,0,0.0,0,1,0,0,0,0,0,0,0,0,0,0,0,1,0,0,1,0
NON SMOKERS CLUB,0.0521,0.843,0.674,0.0,0.351,-5.647,0.0528,89.962,0.394,206520.0,20,0,0.0,0,0,0,0,0,0,0,1,0,0,0,0,0,1,0,0,1,0
J.BASS,0.0795,0.764,0.854,0.00722,0.453,-4.394,0.0472,100.0,0.934,150080.0,33,0,0.0,1,0,0,0,0,0,0,0,0,0,0,0,0,1,0,0,1,0
Nahee,0.444,0.6,0.624,0.0,0.212,-6.753,0.0492,87.92,0.766,189037.0,28,0,0.0,0,0,0,0,0,0,0,1,0,0,0,0,0,1,0,0,1,0
KOYO,0.183,0.56,0.813,0.0,0.127,-3.712,0.0509,98.895,0.722,220153.0,19,0,0.0,0,0,0,0,0,0,0,0,1,0,0,0,0,1,0,0,1,0
GYE0M,0.953,0.527,0.261,0.0173,0.0901,-13.989,0.0341,115.6,0.247,223966.0,25,0,0.0,0,0,0,0,0,0,0,0,0,1,0,0,0,1,0,0,1,0
XIMON,0.361,0.497,0.549,0.0,0.215,-8.49,0.132,140.659,0.602,173239.0,17,0,0.0,0,0,0,0,0,0,1,0,0,0,0,0,0,1,0,0,1,0
The Wind,0.0143,0.665,0.919,0.0,0.213,-2.031,0.0658,109.966,0.701,201013.0,52,1,0.0,0,0,0,0,0,0,0,0,1,0,0,0,0,1,0,0,1,0
Jung In,0.266,0.748,0.683,0.000153,0.0702,-4.751,0.109,120.013,0.648,210044.0,28,0,0.0,0,0,0,0,1,0,0,0,0,0,0,0,0,1,0,0,1,0
Lee A Young,0.726,0.617,0.592,0.0,0.103,-5.142,0.0311,119.959,0.275,279227.0,29,0,0.0,0,0,0,0,0,0,0,0,1,0,0,0,1,0,0,0,1,0
SOULBYSEL,0.341,0.738,0.399,0.0,0.115,-7.548,0.049,99.019,0.317,185400.0,51,1,0.0,0,0,0,0,0,0,0,0,1,0,0,0,0,1,0,0,1,0
ggondaehee,0.812,0.443,0.485,0.0,0.11,-5.681,0.0349,85.52,0.175,232040.0,17,0,0.0,0,0,0,0,0,0,0,0,0,0,1,0,0,1,0,0,1,0
MIDNATT,0.176,0.745,0.63,0.0,0.116,-7.807,0.119,107.987,0.667,205267.0,46,0,0.0,0,0,0,0,1,0,0,0,0,0,0,0,1,0,0,0,1,0
Band Nah,0.0237,0.829,0.595,0.0,0.296,-6.594,0.0356,136.015,0.902,195000.0,32,0,0.0,1,0,0,0,0,0,0,0,0,0,0,0,0,1,0,0,1,0
SECRET NUMBER,0.563,0.38,0.736,0.0,0.109,-4.479,0.0437,159.819,0.0799,250293.0,50,0,0.5,0,0,0,1,0,0,0,0,0,0,0,0,0,1,0,0,1,0
MISO,0.156,0.758,0.715,1.2e-06,0.19,-3.724,0.0325,137.014,0.923,176774.0,27,0,0.0,0,0,0,0,0,0,1,0,0,0,0,0,0,1,0,0,1,0
Clazziquai,0.317,0.594,0.592,0.0,0.319,-7.342,0.088,171.973,0.608,171627.0,32,0,0.85,0,0,0,0,0,0,0,0,0,0,1,0,0,1,0,0,1,0
YOONWON,0.698,0.429,0.511,0.0,0.111,-6.116,0.2,189.639,0.492,240000.0,33,0,0.0,0,1,0,0,0,0,0,0,0,0,0,0,0,1,0,0,1,0
10cm,0.0686,0.546,0.643,0.0,0.184,-2.882,0.0328,105.449,0.439,266147.0,54,1,0.25,0,0,0,1,0,0,0,0,0,0,0,0,0,1,0,0,1,0
HYNN,0.45,0.538,0.676,0.0,0.0851,-3.985,0.0386,90.057,0.264,223213.0,39,0,0.0,0,0,0,0,0,0,0,1,0,0,0,0,0,1,0,0,1,0
HYNGSN,0.402,0.644,0.573,3.8e-06,0.103,-4.33,0.0956,178.08,0.806,196175.0,20,0,0.0,0,0,0,0,0,0,1,0,0,0,0,0,0,1,0,0,1,0
Kim Gyeol,0.529,0.685,0.417,0.0,0.0613,-6.683,0.0692,149.457,0.457,181638.0,20,0,0.0,0,0,0,0,0,0,0,1,0,0,0,0,0,1,0,0,1,0
DJ Sparrow,0.409,0.833,0.446,0.0,0.132,-6.679,0.0647,114.988,0.489,160696.0,22,0,0.0,0,0,0,0,1,0,0,0,0,0,0,0,1,0,0,0,1,0
Kei,0.454,0.573,0.594,0.0186,0.182,-6.982,0.0258,96.044,0.295,189576.0,46,0,0.5,1,0,0,0,0,0,0,0,0,0,0,0,0,1,0,0,1,0
JANG SONG HO,0.133,0.684,0.941,0.0,0.369,-1.709,0.0752,149.894,0.932,213360.0,14,0,0.5,0,0,0,0,0,0,0,1,0,0,0,0,1,0,0,0,1,0
Han Kyung Il,0.403,0.586,0.585,5.55e-06,0.148,-5.645,0.0313,132.026,0.163,247852.0,14,0,0.0,0,0,0,0,0,0,0,0,0,0,0,1,0,1,0,0,1,0
Leeyeongwon,0.705,0.435,0.338,0.0252,0.151,-8.292,0.0296,70.004,0.142,187800.0,15,0,0.0,1,0,0,0,0,0,0,0,0,0,0,0,0,1,0,0,1,0
Pureum,0.804,0.369,0.367,0.0,0.164,-6.039,0.0304,139.03,0.29,277380.0,14,0,-0.2916666666666667,0,0,0,0,0,0,0,1,0,0,0,0,0,1,0,0,1,0
Old School Teacher,0.0131,0.837,0.857,2.81e-05,0.197,-5.349,0.256,93.935,0.856,209481.0,13,0,0.0,0,1,0,0,0,0,0,0,0,0,0,0,1,0,0,0,1,0
SoulMilK,0.256,0.705,0.788,0.0,0.186,-5.282,0.164,152.908,0.569,154274.0,14,0,0.0,0,0,0,0,0,0,0,0,0,0,1,0,0,1,0,0,1,0
HUH CHAN MI,0.635,0.418,0.463,0.00011,0.175,-5.438,0.0264,75.935,0.203,215289.0,13,0,0.0,0,0,0,0,0,0,0,1,0,0,0,0,1,0,0,0,1,0
Suryeon,0.737,0.542,0.461,0.0,0.354,-4.94,0.0356,91.652,0.212,181125.0,14,0,0.0,0,0,0,0,0,0,0,0,0,1,0,0,0,1,0,0,1,0
Lucia,0.667,0.572,0.522,1.82e-06,0.104,-6.745,0.035,115.91,0.147,226387.0,39,0,0.0,0,1,0,0,0,0,0,0,0,0,0,0,1,0,0,0,1,0
JUNIEL,0.108,0.653,0.671,1.73e-06,0.144,-3.644,0.0303,91.041,0.711,183297.0,34,0,0.5,0,1,0,0,0,0,0,0,0,0,0,0,0,1,0,0,1,0
nokdu,0.0576,0.398,0.583,0.0,0.0868,-6.185,0.0294,143.511,0.343,261347.0,18,0,0.0,0,0,0,0,0,0,0,0,0,0,1,0,0,1,0,1,0,0
Jang Hye Jin,0.84,0.53,0.323,0.0,0.183,-7.476,0.0349,125.975,0.169,249373.0,34,0,0.0,0,0,0,0,0,0,1,0,0,0,0,0,0,1,0,0,1,0
Dept,0.2,0.631,0.557,0.0,0.0572,-5.164,0.0292,90.998,0.723,173373.0,45,0,0.0,0,0,0,0,0,0,1,0,0,0,0,0,1,0,0,0,1,0
verycoybunny,0.802,0.675,0.138,1.87e-05,0.104,-11.25,0.0334,114.925,0.274,227267.0,21,0,0.0,0,0,0,0,0,0,0,0,0,1,0,0,0,1,0,0,1,0
LIZRO,0.669,0.822,0.299,0.00181,0.11,-9.459,0.0314,91.978,0.354,161000.0,25,0,0.0,0,0,0,0,1,0,0,0,0,0,0,0,0,1,0,0,1,0
YEL,0.52,0.458,0.583,0.0,0.0957,-6.453,0.056,175.591,0.37,198610.0,19,0,0.0,0,1,0,0,0,0,0,0,0,0,0,0,0,1,0,1,0,0
WOO,0.848,0.767,0.572,0.0,0.089,-7.084,0.0696,115.961,0.66,187173.0,11,0,0.0,0,0,0,0,0,0,0,0,0,0,0,1,0,1,0,0,1,0
PARK MIN HYE,0.773,0.367,0.502,0.0,0.179,-4.952,0.0315,132.409,0.235,256320.0,50,0,0.0,0,0,0,0,0,0,0,1,0,0,0,0,0,1,0,0,1,0
Jeon Gunho,0.458,0.563,0.694,0.0,0.113,-2.234,0.0319,143.808,0.53,215761.0,20,0,0.5,1,0,0,0,0,0,0,0,0,0,0,0,0,1,0,0,1,0
DOKO,0.219,0.547,0.504,0.0,0.0809,-5.292,0.0288,139.94,0.207,298000.0,16,0,0.5,0,0,0,0,0,0,0,1,0,0,0,0,0,1,0,0,1,0
TRI.BE,0.0393,0.767,0.865,0.0034,0.273,-2.415,0.0492,135.987,0.837,161000.0,47,0,0.0,0,0,0,0,0,1,0,0,0,0,0,0,1,0,0,0,1,0
CODA BRIDGE,0.489,0.45,0.656,0.0,0.111,-3.526,0.0411,143.518,0.469,219657.0,30,0,0.0,0,0,0,0,0,1,0,0,0,0,0,0,0,1,0,0,1,0
Dohyuck Lim,0.589,0.505,0.504,0.0,0.376,-4.813,0.0336,125.89,0.338,284000.0,16,0,0.5,0,0,1,0,0,0,0,0,0,0,0,0,0,1,0,0,1,0
Kadi Korgi,0.423,0.791,0.536,0.0,0.104,-9.294,0.192,155.94,0.865,203077.0,14,0,-0.0625,0,0,0,0,0,1,0,0,0,0,0,0,1,0,0,0,1,0
MELODY,0.687,0.728,0.439,0.0,0.104,-6.154,0.0395,97.98,0.4,213798.0,12,0,0.35,0,0,0,0,1,0,0,0,0,0,0,0,0,1,0,0,1,0
K. Flower,0.881,0.721,0.327,0.0,0.101,-4.225,0.0282,96.012,0.515,178959.0,13,0,0.0,0,0,0,0,0,0,0,0,0,0,1,0,0,1,0,0,1,0
Huckleberry P,0.0433,0.691,0.914,0.0,0.0778,-4.041,0.362,99.801,0.372,176093.0,20,0,0.0,0,0,0,0,0,0,1,0,0,0,0,0,0,1,0,0,1,0
Park Junha,0.149,0.423,0.604,0.000357,0.26,-6.687,0.0273,169.811,0.0412,148507.0,13,0,0.0,0,0,0,0,0,0,0,0,0,1,0,0,0,1,0,1,0,0
PYMEL,0.939,0.447,0.357,0.0,0.116,-9.984,0.0512,132.886,0.373,149538.0,13,0,0.0,0,0,0,0,0,0,0,1,0,0,0,0,0,1,0,0,1,0
Park Cho Won,0.893,0.514,0.489,6.46e-05,0.108,-7.639,0.0343,139.227,0.233,224000.0,11,0,0.5,0,1,0,0,0,0,0,0,0,0,0,0,0,1,0,0,1,0
imzoo,0.84,0.557,0.38,1.78e-06,0.44,-7.747,0.0513,114.966,0.437,188749.0,23,0,0.6,0,0,0,0,0,1,0,0,0,0,0,0,1,0,0,0,1,0
The Daisy,0.793,0.479,0.535,0.0,0.314,-4.407,0.0266,135.948,0.326,203648.0,30,0,0.25,0,0,0,0,0,1,0,0,0,0,0,0,1,0,0,0,1,0
DAWON,0.136,0.569,0.427,0.0,0.143,-7.105,0.027,125.926,0.278,224065.0,28,0,0.0,0,0,0,0,0,0,0,0,1,0,0,0,0,1,0,0,1,0
Kim eun young,0.0874,0.656,0.578,3.18e-06,0.14,-7.537,0.0327,179.916,0.731,237372.0,15,0,0.0,0,0,0,0,0,0,0,1,0,0,0,0,1,0,0,0,1,0
STi,0.635,0.723,0.666,0.0,0.155,-3.948,0.0384,133.952,0.271,280427.0,14,0,0.0,0,0,0,0,0,0,0,0,0,0,0,1,0,1,0,0,1,0
PERC%NT,0.441,0.622,0.419,5.06e-05,0.206,-9.512,0.0269,129.908,0.394,195692.0,19,0,0.8,0,0,0,0,1,0,0,0,0,0,0,0,0,1,0,0,1,0
CITI,0.246,0.62,0.456,0.0,0.224,-6.14,0.0345,169.923,0.575,221613.0,23,0,0.0,0,0,0,1,0,0,0,0,0,0,0,0,0,1,0,0,1,0
늘보(Neulbo),0.266,0.67,0.608,0.0,0.223,-5.458,0.189,84.937,0.384,188894.0,20,0,0.0,0,0,0,0,0,0,0,0,0,0,1,0,0,1,0,0,1,0
Shin Hyun Woo,0.317,0.454,0.566,0.0,0.114,-4.731,0.0498,137.613,0.288,221573.0,15,0,0.0,0,0,0,0,0,0,0,0,0,1,0,0,0,1,0,0,1,0
Standing Egg,0.857,0.709,0.37,0.0,0.108,-10.848,0.0421,123.959,0.712,203840.0,39,0,0.0,0,0,0,0,0,0,1,0,0,0,0,0,0,1,0,0,1,0
DOYOUNG,0.766,0.306,0.389,0.0,0.233,-8.249,0.0317,148.918,0.17,205700.0,53,1,0.85,0,0,0,0,0,0,0,0,0,1,0,0,0,1,0,0,1,0
PLEA,0.0811,0.705,0.53,0.0,0.131,-6.513,0.0486,93.118,0.243,169677.0,14,0,0.0,0,0,1,0,0,0,0,0,0,0,0,0,0,1,0,0,1,0
Zia,0.694,0.46,0.701,0.0,0.105,-4.276,0.0412,135.654,0.368,225827.0,41,0,0.0,0,0,1,0,0,0,0,0,0,0,0,0,0,1,0,0,1,0
SONG YUVIN,0.116,0.643,0.835,0.0,0.139,-3.494,0.0309,114.971,0.264,254480.0,37,0,0.7,0,0,0,0,0,0,0,0,0,0,0,1,0,1,0,0,1,0
hamzzi,0.89,0.718,0.399,0.000502,0.306,-8.694,0.241,139.991,0.367,196387.0,14,0,0.0,0,0,0,0,0,0,0,1,0,0,0,0,0,1,0,0,1,0
Honey Apple,0.395,0.788,0.407,3.29e-05,0.0561,-8.249,0.0561,171.93,0.385,191860.0,12,0,0.5,0,0,0,0,0,0,0,1,0,0,0,0,0,1,0,1,0,0
AIMERS,0.0571,0.739,0.946,0.0,0.0754,-2.626,0.164,97.986,0.805,192693.0,41,0,0.0,0,0,0,0,0,0,0,1,0,0,0,0,0,1,0,0,1,0
SUHO,0.138,0.609,0.877,0.0,0.243,-4.018,0.2,98.278,0.652,229968.0,15,0,0.0,0,0,0,0,0,0,0,1,0,0,0,0,1,0,0,0,1,0
Offing,0.0031,0.462,0.829,0.0528,0.143,-5.337,0.0284,180.014,0.801,218950.0,16,0,0.0,0,1,0,0,0,0,0,0,0,0,0,0,1,0,0,0,1,0
MOST,0.708,0.548,0.358,0.0,0.11,-5.72,0.0278,71.03,0.324,220352.0,11,0,0.0,0,1,0,0,0,0,0,0,0,0,0,0,0,1,0,0,1,0
Kim Bom,0.887,0.735,0.433,4.87e-06,0.136,-8.342,0.0381,116.083,0.38,159310.0,15,0,0.0,0,1,0,0,0,0,0,0,0,0,0,0,0,1,0,0,1,0
Jo Hyun Ah,0.704,0.626,0.721,0.0,0.144,-4.352,0.0971,87.964,0.568,237185.0,17,0,0.0,0,0,0,0,1,0,0,0,0,0,0,0,1,0,0,0,1,0
Yiruma,0.994,0.434,0.116,0.939,0.133,-23.446,0.0753,70.063,0.119,145973.0,43,0,0.0,0,1,0,0,0,0,0,0,0,0,0,0,0,1,0,1,0,0
popeye,0.574,0.759,0.545,0.00678,0.133,-7.9,0.0816,167.968,0.635,149621.0,16,0,-0.1,0,0,0,0,0,0,0,0,0,1,0,0,0,1,0,0,1,0
Ra.D,0.39,0.665,0.653,1.13e-05,0.246,-7.125,0.107,89.965,0.634,206667.0,28,0,0.0,0,0,0,0,0,1,0,0,0,0,0,0,1,0,0,0,1,0
J.UNA,0.662,0.345,0.246,1.36e-06,0.16,-10.709,0.0342,89.249,0.352,168467.0,18,0,0.0,0,0,0,0,0,0,1,0,0,0,0,0,0,1,0,0,1,0
Kim Dong Ryul,0.0835,0.584,0.801,0.0,0.0748,-5.489,0.0353,145.071,0.713,241664.0,42,0,0.3,0,0,0,0,0,0,0,0,0,0,0,1,1,0,0,0,1,0
Ahn Sung Hoon,0.814,0.285,0.428,0.0,0.143,-5.907,0.0317,147.63,0.455,275880.0,18,0,0.0,0,1,0,0,0,0,0,0,0,0,0,0,0,1,0,0,1,0
DALsooobin,0.0366,0.705,0.812,0.0,0.0467,-3.851,0.0414,124.029,0.742,182419.0,35,0,0.0,0,0,0,0,0,0,0,0,0,1,0,0,0,1,0,0,1,0
Nody Cika,0.765,0.84,0.54,4.69e-06,0.102,-6.668,0.54,78.954,0.791,184520.0,19,0,0.0,0,0,0,0,0,0,0,0,0,1,0,0,1,0,0,0,1,0
DAM1NOISE,0.0256,0.903,0.508,0.0,0.279,-8.183,0.265,127.954,0.506,303750.0,15,0,0.0,0,1,0,0,0,0,0,0,0,0,0,0,0,1,0,0,1,0
VIVIZ,0.563,0.69,0.715,1.03e-06,0.0886,-4.322,0.0556,107.009,0.472,207119.0,40,0,0.5,0,0,0,0,0,0,0,1,0,0,0,0,0,1,0,0,1,0
Doorlesshouse,0.017,0.451,0.638,0.000791,0.121,-4.447,0.0387,175.872,0.4,317216.0,16,0,0.0,0,0,0,0,0,0,0,1,0,0,0,0,0,1,0,0,1,0
홍미진,0.00156,0.748,0.793,0.0,0.0752,-3.617,0.0537,100.037,0.569,187200.0,12,0,0.8,0,0,0,0,0,0,0,0,0,0,1,0,1,0,0,0,1,0
Young Froze,0.134,0.943,0.812,0.0,0.212,-3.417,0.212,120.007,0.692,246000.0,12,0,0.0,0,1,0,0,0,0,0,0,0,0,0,0,0,1,0,0,1,0
MINMIN,0.344,0.678,0.62,0.0,0.11,-7.258,0.337,88.027,0.405,200625.0,15,0,0.0,1,0,0,0,0,0,0,0,0,0,0,0,0,1,0,0,1,0
Joonand,0.759,0.537,0.545,0.0,0.354,-4.752,0.026,93.859,0.25,235543.0,12,0,0.5,0,1,0,0,0,0,0,0,0,0,0,0,0,1,0,0,1,0
4ll8lue,0.482,0.666,0.334,0.000356,0.362,-10.678,0.0374,99.844,0.188,205000.0,11,0,0.0,0,0,0,0,0,0,0,1,0,0,0,0,0,1,0,0,1,0
2BiC,0.683,0.425,0.502,0.0,0.152,-6.027,0.0296,135.448,0.398,232147.0,29,0,0.75,0,0,0,0,0,0,0,0,0,0,1,0,0,1,0,0,1,0
Verbal Jint,0.465,0.655,0.604,0.0,0.0831,-6.26,0.289,175.89,0.512,207094.0,38,0,0.0,0,0,0,0,0,0,0,0,0,0,1,0,1,0,0,0,1,0
쿼카N수달,0.126,0.665,0.949,0.0,0.221,-3.182,0.0613,117.909,0.629,191831.0,20,0,0.0,0,0,0,0,0,0,0,0,0,1,0,0,0,1,0,0,1,0
Lokid,0.621,0.682,0.678,0.0,0.109,-5.721,0.0332,89.048,0.642,207333.0,25,0,0.5,0,1,0,0,0,0,0,0,0,0,0,0,0,1,0,0,1,0
Ahn Sung Hoon,0.108,0.602,0.753,0.0,0.229,-4.158,0.0313,136.014,0.817,171160.0,12,0,0.0,0,0,1,0,0,0,0,0,0,0,0,0,0,1,0,0,1,0
Budung,0.937,0.715,0.171,0.0,0.123,-14.289,0.0371,129.63,0.499,210000.0,21,0,0.0,0,0,0,0,0,0,0,0,0,0,1,0,0,1,0,1,0,0
OSUN,0.142,0.564,0.687,0.0,0.141,-4.504,0.0948,75.96,0.131,219998.0,23,0,0.0,0,0,0,0,0,0,0,0,0,0,0,1,0,1,0,0,1,0
Milena,0.866,0.702,0.337,6.19e-05,0.11,-8.386,0.038,76.445,0.336,220973.0,36,0,0.0,0,0,0,0,0,0,0,0,1,0,0,0,0,1,0,1,0,0
merrymerryseoul,0.287,0.65,0.769,0.0,0.228,-4.815,0.0365,93.019,0.792,189573.0,17,0,0.25,0,0,0,0,0,0,0,0,0,0,0,1,0,1,0,0,1,0
Andnew,0.0468,0.7,0.811,0.0,0.0731,-2.43,0.0373,96.984,0.46,186793.0,23,0,0.0,0,1,0,0,0,0,0,0,0,0,0,0,0,1,0,0,1,0
E Z Hyoung,0.0919,0.756,0.551,0.000491,0.0884,-4.752,0.0433,124.972,0.961,205907.0,13,0,0.0,0,0,0,0,0,0,0,0,0,0,1,0,0,1,0,0,1,0
Jo Moon Geun,0.827,0.532,0.417,0.0,0.108,-5.942,0.0276,136.057,0.393,240789.0,28,0,0.0,1,0,0,0,0,0,0,0,0,0,0,0,0,1,0,0,1,0
we hate jh,0.000296,0.417,0.852,0.0,0.0816,-5.495,0.0588,87.366,0.408,257307.0,13,0,0.0,0,1,0,0,0,0,0,0,0,0,0,0,0,1,0,0,1,0
정규민,0.647,0.5,0.384,0.0,0.124,-8.539,0.249,200.158,0.508,116000.0,13,0,0.0,1,0,0,0,0,0,0,0,0,0,0,0,1,0,0,0,1,0
The Sunlight Village,0.597,0.433,0.715,3.07e-05,0.213,-4.455,0.0495,81.958,0.359,198760.0,12,0,0.0,0,0,0,0,0,0,0,0,0,1,0,0,1,0,0,0,1,0
Woo Yi Kyung,0.873,0.389,0.399,0.0,0.144,-5.872,0.0371,166.854,0.275,189482.0,11,0,0.0,0,0,0,0,0,0,0,0,1,0,0,0,0,1,0,0,1,0
Tobio,0.686,0.702,0.51,0.0,0.112,-10.109,0.162,94.951,0.666,184421.0,17,0,0.0,0,0,0,0,0,0,0,0,1,0,0,0,0,1,0,0,1,0
The Bridge,0.506,0.465,0.527,0.0,0.219,-4.591,0.035,134.899,0.227,206459.0,11,0,0.0,0,1,0,0,0,0,0,0,0,0,0,0,0,1,0,0,1,0
citygodok,0.0004,0.545,0.797,0.183,0.13,-5.532,0.0476,129.867,0.485,160250.0,10,0,0.0,0,1,0,0,0,0,0,0,0,0,0,0,0,1,0,0,1,0
DOKO,0.557,0.331,0.504,0.0,0.123,-9.231,0.0416,140.649,0.353,220417.0,14,0,0.5,1,0,0,0,0,0,0,0,0,0,0,0,0,1,0,0,1,0
Mingginyu,0.864,0.637,0.636,0.0,0.305,-5.114,0.361,79.906,0.685,180750.0,35,0,0.0,0,0,0,0,0,0,0,0,1,0,0,0,0,1,0,0,1,0
BTS,0.000482,0.665,0.848,0.0,0.2,-3.619,0.0708,119.986,0.687,178156.0,88,1,0.0,1,0,0,0,0,0,0,0,0,0,0,0,0,1,0,0,1,0
Younha,0.799,0.571,0.389,0.0,0.152,-6.318,0.0265,90.049,0.259,331600.0,45,0,0.0,0,0,0,0,0,0,0,0,1,0,0,0,0,1,0,0,1,0
MeloMance,0.659,0.358,0.549,1.34e-06,0.112,-5.455,0.0361,72.285,0.278,229000.0,50,0,0.5,0,1,0,0,0,0,0,0,0,0,0,0,0,1,0,0,1,0
LEEWOO,0.496,0.365,0.428,0.0,0.0898,-6.332,0.0331,132.452,0.318,239493.0,29,0,0.0,0,0,0,0,0,1,0,0,0,0,0,0,0,1,0,0,1,0
SUNGMIN,0.288,0.581,0.873,0.0,0.331,-1.053,0.085,126.313,0.735,191987.0,38,0,0.0,0,0,0,0,0,1,0,0,0,0,0,0,1,0,0,0,1,0
KCM,0.705,0.378,0.52,0.0,0.12,-5.149,0.0305,135.068,0.235,279027.0,25,0,0.5,0,0,0,0,0,0,0,0,1,0,0,0,0,1,0,0,1,0
Otis Lim,0.128,0.909,0.461,0.0041,0.526,-6.452,0.176,115.077,0.37,168672.0,19,0,0.0,0,0,0,0,0,0,0,0,0,1,0,0,0,1,0,0,1,0
Lee Mujin,0.603,0.635,0.773,0.0,0.364,-3.995,0.0468,106.066,0.831,228173.0,62,1,-0.25,1,0,0,0,0,0,0,0,0,0,0,0,0,1,0,0,1,0
MIRANI,0.0908,0.956,0.448,6.06e-05,0.0955,-8.006,0.24,120.006,0.467,164267.0,54,1,-0.28333333333333327,0,0,0,0,0,0,0,0,1,0,0,0,0,1,0,0,1,0
XODIAC,0.239,0.671,0.731,0.0,0.335,-4.312,0.0586,87.008,0.559,191227.0,43,0,0.0,0,0,0,0,0,0,0,1,0,0,0,0,0,1,0,0,1,0
aespa,0.0138,0.757,0.898,0.0,0.0703,-1.247,0.0667,114.949,0.842,197040.0,84,1,0.0,0,0,0,0,0,0,0,0,0,0,0,1,1,0,0,0,1,0
ADYA,0.0314,0.863,0.781,9.3e-06,0.0404,-3.398,0.138,100.039,0.765,200400.0,48,0,0.0,0,0,0,0,0,0,0,0,0,1,0,0,0,1,0,0,1,0
CRAXY,0.0986,0.7,0.876,0.0,0.109,-2.845,0.261,150.063,0.565,155964.0,38,0,0.0,0,1,0,0,0,0,0,0,0,0,0,0,0,1,0,0,1,0
JUPITER,0.227,0.785,0.598,0.0,0.0886,-8.234,0.124,134.923,0.375,245824.0,20,0,0.0,0,0,0,1,0,0,0,0,0,0,0,0,0,1,0,0,1,0
ONEUS,0.0135,0.653,0.732,0.0,0.0636,-3.919,0.194,126.956,0.768,189840.0,61,1,0.0,0,0,0,0,0,0,0,0,0,0,0,1,1,0,0,0,1,0
iKON,0.108,0.783,0.849,0.0,0.101,-2.066,0.176,122.99,0.799,199853.0,61,1,0.0,0,0,0,0,0,0,0,0,0,1,0,0,0,1,0,0,1,0
Colde,0.355,0.543,0.475,0.0,0.366,-6.502,0.0541,145.115,0.187,214920.0,83,1,0.5,0,0,0,0,0,0,0,0,0,0,0,1,1,0,0,0,1,0
ASH ISLAND,0.0395,0.607,0.731,0.0,0.166,-5.898,0.0383,141.999,0.759,173187.0,56,1,0.0,0,1,0,0,0,0,0,0,0,0,0,0,1,0,0,0,1,0
Gummy,0.739,0.544,0.46,3.17e-06,0.109,-5.816,0.0425,80.027,0.209,207375.0,49,0,0.0,0,0,0,0,0,0,0,0,0,0,0,1,0,1,0,0,1,0
Onestar,0.511,0.4,0.389,0.0,0.115,-7.688,0.029,83.798,0.0759,287467.0,33,0,0.0,0,0,0,0,0,0,0,0,1,0,0,0,0,1,0,0,1,0
CLASS:y,0.146,0.632,0.788,0.0,0.166,-5.198,0.0352,92.012,0.534,209787.0,42,0,0.5,0,0,0,0,0,1,0,0,0,0,0,0,0,1,0,0,1,0
Dbo,0.0504,0.787,0.789,0.0,0.144,-4.464,0.0515,147.0,0.606,172336.0,23,0,0.0,0,0,1,0,0,0,0,0,0,0,0,0,0,1,0,0,1,0
soon,0.985,0.609,0.128,0.000145,0.205,-12.908,0.0304,97.939,0.167,236001.0,22,0,0.0,0,0,0,0,0,0,0,0,0,0,0,1,0,1,0,1,0,0
J-JUN,0.435,0.47,0.643,0.0,0.21,-4.112,0.0343,132.214,0.328,237173.0,32,0,0.375,0,0,0,0,0,0,0,0,1,0,0,0,0,1,0,0,1,0
YEYEBEEN,0.204,0.872,0.544,0.0,0.1,-5.472,0.0449,126.906,0.726,151181.0,18,0,0.0,0,0,0,0,0,0,0,0,0,0,1,0,0,1,0,0,1,0
Alive Funk,0.571,0.412,0.749,0.0,0.202,-5.563,0.334,128.94,0.432,163299.0,20,0,0.0,1,0,0,0,0,0,0,0,0,0,0,0,0,1,0,0,0,1
PENTO,0.0916,0.503,0.936,0.0,0.316,-2.414,0.258,87.066,0.556,193103.0,17,0,0.0,0,0,1,0,0,0,0,0,0,0,0,0,0,1,0,0,1,0
CHURUM,0.674,0.723,0.537,0.0,0.339,-4.187,0.0974,154.779,0.814,144000.0,21,0,0.0,1,0,0,0,0,0,0,0,0,0,0,0,0,1,0,0,1,0
tripleS,0.184,0.691,0.952,0.0,0.106,-1.756,0.0837,99.995,0.823,171840.0,59,1,0.0,0,0,0,0,0,1,0,0,0,0,0,0,0,1,0,0,1,0
MAX CHANGMIN,0.021,0.509,0.829,0.0,0.203,-3.629,0.0642,113.942,0.37,296427.0,40,0,0.0,0,0,0,0,0,0,0,0,0,1,0,0,0,1,0,0,1,0
BTOB,0.0923,0.613,0.906,0.0,0.0715,-2.803,0.188,179.952,0.638,221467.0,60,1,0.0,0,0,0,0,0,0,0,0,0,0,0,1,0,1,0,0,1,0
LE SSERAFIM,0.111,0.795,0.875,8.94e-05,0.107,-4.079,0.0525,104.008,0.375,182149.0,89,1,0.0,0,0,0,0,1,0,0,0,0,0,0,0,1,0,0,0,1,0
touch,0.134,0.535,0.822,0.00192,0.116,-5.276,0.182,139.838,0.503,208579.0,21,0,0.0,0,0,0,0,0,0,0,0,0,0,0,1,0,1,0,0,1,0
siso,0.614,0.676,0.655,0.0,0.171,-5.558,0.0473,90.967,0.739,172227.0,39,0,0.0,0,0,0,0,0,1,0,0,0,0,0,0,1,0,0,0,1,0
TAEWOO,0.584,0.36,0.552,0.0,0.174,-4.918,0.0388,82.324,0.166,175827.0,34,0,0.0,0,0,0,0,0,0,0,0,0,0,0,1,1,0,0,0,1,0
KOONTA,0.164,0.47,0.967,0.0,0.0613,-0.76,0.408,186.304,0.617,205547.0,28,0,0.0,0,0,0,0,0,0,0,0,0,1,0,0,1,0,0,0,1,0
Kim Na Young,0.62,0.412,0.52,0.0,0.106,-5.386,0.0344,150.004,0.203,272027.0,43,0,0.0,0,0,0,0,0,0,0,0,0,0,1,0,0,1,0,1,0,0
YOON GUN,0.762,0.662,0.466,0.0,0.171,-5.741,0.0469,173.944,0.576,188013.0,31,0,-0.6,0,0,0,0,0,1,0,0,0,0,0,0,0,1,0,0,1,0
Byeol Eun,0.711,0.408,0.505,0.0,0.106,-4.432,0.0586,164.995,0.595,216867.0,20,0,0.0,0,0,0,0,0,0,0,0,1,0,0,0,0,1,0,1,0,0
Risso,0.478,0.738,0.656,0.00011,0.359,-5.794,0.03,99.995,0.864,218613.0,24,0,-0.2,0,0,0,0,0,1,0,0,0,0,0,0,0,1,0,0,1,0
dana kim,0.454,0.721,0.439,1.36e-06,0.181,-5.709,0.0303,88.049,0.31,185677.0,24,0,0.0,0,0,0,0,0,0,0,0,1,0,0,0,0,1,0,0,1,0
Moonbit,0.803,0.669,0.341,0.0,0.135,-6.136,0.0286,91.955,0.41,247560.0,19,0,0.0,0,0,0,0,0,0,0,0,0,1,0,0,0,1,0,0,1,0
Jeon Sang Keun,0.626,0.567,0.593,0.0,0.0824,-3.597,0.0374,127.819,0.36,226080.0,36,0,0.0,0,0,0,0,0,1,0,0,0,0,0,0,0,1,0,0,1,0
BANG YONGGUK,0.15,0.691,0.784,0.0,0.133,-4.752,0.0663,102.011,0.25,200920.0,46,0,0.0,0,0,0,0,0,0,0,0,0,0,1,0,1,0,0,0,1,0
Ha Hyun Woo,0.0239,0.517,0.803,0.0,0.0457,-3.071,0.0512,171.85,0.583,198960.0,32,0,0.0,0,0,1,0,0,0,0,0,0,0,0,0,0,1,0,0,1,0
Chillin Homie,0.028,0.904,0.569,8.41e-05,0.0697,-4.06,0.056,109.981,0.8,195053.0,34,0,0.0,0,0,0,0,0,0,0,0,0,0,1,0,1,0,0,0,1,0
KimYeji,0.014,0.279,0.678,0.000103,0.12,-5.038,0.0381,177.405,0.26,207941.0,34,0,0.0,0,0,0,0,0,0,0,0,1,0,0,0,1,0,0,1,0,0
KLANG,0.279,0.732,0.556,0.0,0.0662,-5.062,0.0696,147.922,0.687,171867.0,46,0,0.0,0,0,0,0,0,0,0,1,0,0,0,0,1,0,0,0,1,0
EPTEND,0.0867,0.657,0.611,0.0,0.0948,-6.372,0.0422,90.0,0.44,173333.0,45,0,0.0,0,1,0,0,0,0,0,0,0,0,0,0,0,1,0,0,1,0
Puer Kim,0.838,0.708,0.368,0.0199,0.113,-9.794,0.0308,105.0,0.373,151009.0,21,0,0.0,0,0,0,0,0,0,0,0,0,1,0,0,1,0,0,0,1,0
Nyork,0.558,0.724,0.539,3.1e-05,0.0845,-5.495,0.0293,101.978,0.837,196016.0,18,0,0.0,1,0,0,0,0,0,0,0,0,0,0,0,0,1,0,0,1,0
OHSHYTTTT,0.0534,0.795,0.52,2.53e-05,0.0709,-9.965,0.0705,139.006,0.884,195068.0,16,0,0.0,0,0,0,0,0,0,0,0,1,0,0,0,0,1,0,0,1,0
Lena Park,0.875,0.313,0.224,1.33e-06,0.11,-7.239,0.0306,137.921,0.275,215653.0,36,0,0.0,0,0,0,0,0,0,0,1,0,0,0,0,0,1,0,0,1,0
JEON WOO SUNG,0.809,0.453,0.462,0.0,0.108,-5.026,0.0295,131.294,0.331,258880.0,31,0,0.0,0,0,0,1,0,0,0,0,0,0,0,0,0,1,0,0,1,0
THAMA,0.0969,0.697,0.803,0.0,0.101,-5.06,0.0419,154.017,0.7,175818.0,37,0,0.0,0,0,1,0,0,0,0,0,0,0,0,0,0,1,0,0,1,0
Cha ga eul,0.653,0.402,0.493,0.0,0.114,-4.563,0.0364,134.444,0.36,220987.0,32,0,0.0,0,0,0,0,0,0,0,0,1,0,0,0,0,1,0,0,1,0
DORI,0.842,0.486,0.259,0.0,0.0921,-6.719,0.0441,145.04,0.135,264826.0,18,0,0.0,0,0,0,0,1,0,0,0,0,0,0,0,0,1,0,1,0,0
KyoungSeo,0.747,0.619,0.52,0.0,0.092,-3.195,0.0541,169.874,0.885,196920.0,42,0,0.0,0,0,0,0,0,0,0,0,0,0,0,1,0,1,0,0,1,0
HAAN,0.207,0.398,0.725,0.0,0.115,-5.673,0.0658,84.501,0.572,205050.0,34,0,0.0,0,0,0,0,0,0,0,1,0,0,0,0,0,1,0,0,1,0
Yoon Sang,0.0314,0.305,0.532,0.932,0.163,-10.748,0.0356,174.046,0.102,162069.0,17,0,0.16666666666666666,0,0,0,0,0,0,0,0,0,0,0,1,1,0,0,0,1,0
Norwegian Wood,0.905,0.791,0.233,2.03e-05,0.109,-10.347,0.0756,80.022,0.782,228562.0,18,0,0.6,0,0,0,0,0,0,1,0,0,0,0,0,0,1,0,0,1,0
Hye Ri Jang,0.00344,0.575,0.982,0.000874,0.327,-4.725,0.0487,139.957,0.837,192000.0,18,0,0.0,0,0,0,0,1,0,0,0,0,0,0,0,1,0,0,0,1,0
nochexintoma,0.469,0.773,0.504,0.0,0.213,-8.326,0.0335,120.007,0.594,178000.0,19,0,0.0,0,0,0,0,0,0,1,0,0,0,0,0,1,0,0,0,1,0
강혜연,0.364,0.73,0.68,0.0,0.075,-3.46,0.0402,105.165,0.863,174743.0,16,0,0.0,0,0,0,1,0,0,0,0,0,0,0,0,1,0,0,0,0,1
if.iwere,0.523,0.619,0.55,0.0,0.294,-6.153,0.197,157.913,0.448,153617.0,24,0,0.0,0,0,0,0,0,0,0,1,0,0,0,0,0,1,0,0,1,0
YOUNG SKI,0.171,0.742,0.655,1.31e-06,0.0959,-6.936,0.406,83.244,0.705,165679.0,21,0,0.0,0,0,0,0,0,0,0,0,0,1,0,0,1,0,0,0,1,0
Shin Seung Eun,0.789,0.792,0.336,0.0033,0.122,-12.582,0.0425,126.071,0.325,265493.0,20,0,0.0,0,0,0,1,0,0,0,0,0,0,0,0,0,1,0,0,1,0
PEKKI,0.534,0.69,0.438,0.0,0.332,-8.307,0.0396,103.122,0.559,170680.0,32,0,0.0,0,0,0,0,0,1,0,0,0,0,0,0,1,0,0,0,1,0
Jeon Yoodong,0.473,0.509,0.524,0.00192,0.115,-5.941,0.0307,113.956,0.113,335400.0,15,0,0.0,0,0,0,0,0,0,0,0,0,1,0,0,0,1,0,0,1,0
homezone,0.402,0.547,0.497,0.0,0.107,-6.414,0.0758,78.262,0.423,178000.0,36,0,0.0,0,0,1,0,0,0,0,0,0,0,0,0,0,1,0,0,1,0
20 Years of Age,0.341,0.856,0.511,0.0,0.0747,-5.596,0.0457,118.097,0.646,178213.0,33,0,0.5,0,0,0,0,0,1,0,0,0,0,0,0,0,1,0,0,1,0
Kim Yi Wol,0.357,0.573,0.615,2.16e-06,0.243,-8.178,0.0455,86.015,0.514,191333.0,20,0,0.5,0,0,0,0,0,1,0,0,0,0,0,0,1,0,0,0,1,0
김범룡,0.528,0.693,0.704,0.0,0.13,-3.157,0.0419,94.01,0.396,215386.0,16,0,0.6,1,0,0,0,0,0,0,0,0,0,0,0,0,1,0,0,1,0
Griffy,0.557,0.659,0.409,1.94e-05,0.123,-6.188,0.0347,72.001,0.705,148520.0,24,0,-0.1,0,0,0,0,0,0,0,1,0,0,0,0,0,1,0,0,1,0
HAEBIN,0.54,0.558,0.475,0.0,0.146,-3.523,0.0318,133.483,0.184,229160.0,19,0,0.0,0,0,0,0,0,0,1,0,0,0,0,0,0,1,0,0,1,0
LEEWOO,0.734,0.446,0.456,0.0,0.111,-7.173,0.0399,135.844,0.382,205880.0,34,0,0.0,0,0,0,1,0,0,0,0,0,0,0,0,0,1,0,0,1,0
trevo,0.503,0.71,0.701,0.0,0.458,-4.701,0.0348,107.96,0.296,199307.0,18,0,0.043181818181818175,0,0,0,0,1,0,0,0,0,0,0,0,1,0,0,0,1,0
Kim Areum,0.58,0.607,0.636,0.000504,0.279,-6.541,0.0519,169.976,0.365,280778.0,29,0,0.0,0,0,0,0,0,0,0,0,0,0,1,0,0,1,0,0,1,0
jisokuryClub,0.132,0.597,0.552,0.153,0.139,-8.508,0.0288,114.102,0.292,231387.0,26,0,0.0,0,0,1,0,0,0,0,0,0,0,0,0,0,1,0,0,1,0
Jung Seung Hwan,0.6,0.476,0.542,0.0,0.106,-8.054,0.0347,109.878,0.156,221733.0,56,1,0.0,0,0,0,0,0,0,0,0,1,0,0,0,0,1,0,0,1,0
kenessi,0.563,0.566,0.777,0.0,0.117,-3.536,0.099,149.981,0.77,180987.0,42,0,-0.7999999999999999,0,0,0,0,0,1,0,0,0,0,0,0,1,0,0,0,1,0
AILEE,0.113,0.523,0.726,0.0,0.148,-4.615,0.0556,135.982,0.3,211762.0,41,0,0.0,0,0,0,0,0,0,0,1,0,0,0,0,1,0,0,0,1,0
Son Chamchi,0.0166,0.491,0.802,5.62e-06,0.216,-3.539,0.0517,196.039,0.365,183000.0,21,0,0.0,0,0,0,0,1,0,0,0,0,0,0,0,1,0,0,0,1,0
YUN HU,0.736,0.486,0.311,0.0,0.324,-10.513,0.0865,114.948,0.322,191667.0,20,0,-0.3,1,0,0,0,0,0,0,0,0,0,0,0,0,1,0,1,0,0
Hong Dae Kwang,0.449,0.744,0.412,0.0,0.258,-5.784,0.031,128.001,0.393,228040.0,20,0,0.25,0,0,0,0,1,0,0,0,0,0,0,0,0,1,0,0,1,0
Joonseo Kim,0.956,0.714,0.14,0.124,0.105,-16.621,0.0446,113.323,0.363,154588.0,20,0,0.0,0,0,0,0,0,0,1,0,0,0,0,0,0,1,0,0,1,0
KIM HANKYUL,0.495,0.411,0.451,0.0,0.143,-5.92,0.0385,67.746,0.235,289160.0,17,0,0.0,0,0,0,0,0,0,0,0,0,1,0,0,0,1,0,0,1,0
Owen,0.564,0.776,0.547,0.0,0.103,-7.722,0.247,90.046,0.594,237995.0,43,0,0.0,0,0,0,0,0,0,0,0,0,0,0,1,0,1,0,0,1,0
Choi Seong,0.0687,0.553,0.802,0.89,0.111,-8.574,0.027,109.99,0.474,278182.0,20,0,0.5333333333333334,0,0,0,0,0,1,0,0,0,0,0,0,0,1,0,0,1,0
irda,0.855,0.72,0.246,0.0,0.143,-10.455,0.0532,99.902,0.327,204750.0,15,0,0.0,0,0,0,0,0,0,1,0,0,0,0,0,0,1,0,0,1,0
bbangsong,0.863,0.737,0.682,0.483,0.226,-7.36,0.0318,129.956,0.454,156151.0,13,0,0.0,0,0,0,0,0,0,0,0,0,0,1,0,0,1,0,0,1,0
DIVE,0.135,0.731,0.816,0.0,0.149,-2.73,0.0653,179.897,0.704,200754.0,20,0,-0.05,0,0,0,0,0,0,0,0,1,0,0,0,0,1,0,0,1,0
Mozzy,0.596,0.648,0.388,3.91e-05,0.178,-7.781,0.0314,142.002,0.2,178000.0,19,0,0.0,0,0,0,0,0,0,0,0,1,0,0,0,1,0,0,0,1,0
RYU SEOKWON,0.523,0.609,0.536,7.75e-05,0.0973,-7.309,0.03,155.919,0.433,340769.0,17,0,0.0,0,0,0,0,0,0,0,0,0,0,1,0,0,1,0,0,1,0
Legend Choi,0.917,0.518,0.238,4.73e-06,0.125,-8.228,0.0351,132.508,0.211,230840.0,13,0,0.0,0,0,0,1,0,0,0,0,0,0,0,0,1,0,0,0,1,0
Kiik,0.79,0.688,0.515,0.171,0.389,-11.112,0.0506,84.027,0.339,103571.0,24,0,0.0,0,0,0,0,0,0,1,0,0,0,0,0,0,1,0,0,1,0
Gureum,0.74,0.497,0.456,0.0,0.106,-3.702,0.0302,135.302,0.29,208224.0,28,0,0.0,0,0,0,0,0,0,0,0,1,0,0,0,0,1,0,0,1,0
HANEUM,0.849,0.435,0.361,0.0,0.151,-7.599,0.0375,106.389,0.584,205893.0,33,0,0.375,0,1,0,0,0,0,0,0,0,0,0,0,0,1,0,1,0,0
Yeon Kyoo Seong,0.706,0.384,0.592,0.0,0.342,-3.575,0.0292,134.837,0.388,208593.0,32,0,0.5,0,0,0,0,0,0,0,0,0,0,1,0,0,1,0,0,1,0
RalRal,0.0333,0.816,0.736,0.805,0.101,-5.487,0.0503,128.006,0.48,127500.0,39,0,0.0,0,0,0,0,1,0,0,0,0,0,0,0,1,0,0,1,0,0
JOPH,0.148,0.646,0.521,0.0,0.128,-6.375,0.046,77.05,0.24,178283.0,40,0,0.0,0,0,0,0,0,0,0,1,0,0,0,0,0,1,0,0,1,0
Colors of Summer,0.904,0.761,0.11,0.0,0.0869,-12.543,0.0463,129.998,0.429,175318.0,14,0,0.0,1,0,0,0,0,0,0,0,0,0,0,0,0,1,0,1,0,0
Posadic,0.111,0.754,0.688,0.000931,0.172,-5.691,0.0697,100.017,0.881,185400.0,20,0,-0.15555555555555559,0,0,0,0,0,1,0,0,0,0,0,0,1,0,0,0,1,0
BAEKHYUN,0.86,0.347,0.381,0.0,0.104,-6.269,0.0276,133.896,0.199,230106.0,58,1,0.0,0,0,0,0,0,0,1,0,0,0,0,0,0,1,0,0,1,0
SOYOU,0.326,0.499,0.582,0.0,0.197,-6.828,0.0456,136.144,0.281,275250.0,35,0,0.0,1,0,0,0,0,0,0,0,0,0,0,0,0,1,0,1,0,0
Jimmy Brown,0.629,0.644,0.426,1.01e-06,0.12,-11.691,0.0633,141.883,0.477,198169.0,38,0,-0.6999999999999998,0,0,0,0,0,0,0,0,0,0,1,0,0,1,0,0,1,0
Choco And Vanilla,0.925,0.42,0.432,0.000542,0.276,-7.329,0.07,207.03,0.319,176997.0,29,0,0.4375,0,0,0,1,0,0,0,0,0,0,0,0,1,0,0,1,0,0
OWLER,0.238,0.637,0.697,0.0,0.119,-4.763,0.0544,89.929,0.642,120000.0,16,0,0.0,0,0,0,0,0,0,0,0,0,0,1,0,0,1,0,0,1,0
1%,0.566,0.688,0.47,0.0,0.0559,-5.209,0.0316,134.777,0.388,183738.0,14,0,0.375,0,0,0,0,0,1,0,0,0,0,0,0,0,1,0,1,0,0
onieun,0.52,0.619,0.789,0.0,0.0976,-5.494,0.181,87.983,0.673,186340.0,13,0,0.4,0,0,0,0,0,1,0,0,0,0,0,0,1,0,0,0,1,0
nijuu,0.656,0.672,0.538,0.0,0.0852,-6.052,0.031,109.98,0.363,176750.0,17,0,0.0,0,0,0,0,0,0,1,0,0,0,0,0,0,1,0,0,1,0
찰리빈웍스,0.657,0.571,0.604,4.13e-06,0.108,-3.751,0.0259,74.995,0.276,248200.0,16,0,0.5,0,0,0,0,0,0,0,0,0,0,1,0,0,1,0,0,1,0
eAeon,0.137,0.606,0.553,1.4e-06,0.0665,-6.193,0.0276,97.482,0.242,225787.0,14,0,0.0,0,0,0,0,0,1,0,0,0,0,0,0,1,0,0,1,0,0
Snake Chicken Soup,0.00347,0.368,0.966,0.618,0.0897,-4.073,0.165,75.976,0.282,193422.0,19,0,-0.6,0,0,0,0,0,0,0,0,0,1,0,0,0,1,0,0,1,0
Moon Heewon,0.506,0.752,0.692,0.0,0.19,-2.687,0.0513,105.063,0.515,207747.0,17,0,0.5,0,0,0,1,0,0,0,0,0,0,0,0,0,1,0,0,1,0
Soopia,0.0888,0.596,0.721,0.0,0.114,-5.089,0.0506,133.892,0.446,200333.0,22,0,0.0,0,1,0,0,0,0,0,0,0,0,0,0,0,1,0,0,1,0
PARK HYEON JIN,0.176,0.694,0.491,0.0,0.114,-7.671,0.0409,119.94,0.361,244120.0,43,0,-0.07500000000000001,1,0,0,0,0,0,0,0,0,0,0,0,0,1,0,1,0,0
iKON,0.0109,0.717,0.775,0.0,0.0561,-3.753,0.154,99.97,0.619,167533.0,60,1,0.0,0,0,0,0,0,0,1,0,0,0,0,0,0,1,0,0,1,0
B.I,0.0332,0.769,0.772,0.0,0.224,-5.04,0.253,145.086,0.677,197179.0,54,1,0.0,0,1,0,0,0,0,0,0,0,0,0,0,1,0,0,0,1,0
Ha Hyun Sang,0.138,0.323,0.561,4.42e-05,0.337,-5.088,0.031,159.835,0.491,234133.0,43,0,0.0,0,0,0,0,0,0,1,0,0,0,0,0,0,1,0,0,1,0
Huh Gak,0.824,0.478,0.352,0.0,0.111,-7.559,0.031,78.628,0.312,223493.0,47,0,0.0,0,0,0,1,0,0,0,0,0,0,0,0,1,0,0,0,1,0
Moon Kyoo,0.00518,0.376,0.699,0.85,0.202,-8.129,0.0423,119.008,0.0815,277416.0,18,0,0.0,0,0,1,0,0,0,0,0,0,0,0,0,0,1,0,0,1,0
CRYBABY,0.598,0.696,0.525,0.0,0.0968,-6.934,0.0396,139.933,0.36,179454.0,17,0,0.0,1,0,0,0,0,0,0,0,0,0,0,0,0,1,0,0,1,0
Anonymous Artists (어나니머스 아티스트),0.504,0.515,0.559,0.000909,0.216,-8.511,0.119,159.986,0.391,261750.0,22,0,0.0,1,0,0,0,0,0,0,0,0,0,0,0,0,1,0,1,0,0
hyungtae,0.622,0.655,0.373,0.0,0.0665,-9.108,0.0292,133.868,0.299,235522.0,14,0,0.0,0,0,0,0,0,0,1,0,0,0,0,0,1,0,0,0,1,0
cacophony,0.908,0.376,0.304,0.875,0.121,-14.905,0.0416,93.132,0.0392,257000.0,22,0,0.0,0,0,0,0,0,1,0,0,0,0,0,0,0,1,0,1,0,0
YEN,0.66,0.755,0.639,0.0,0.159,-4.04,0.0372,92.008,0.557,188208.0,16,0,0.0,0,0,0,0,0,1,0,0,0,0,0,0,0,1,0,0,1,0
Koh Sangji,0.803,0.674,0.549,0.205,0.0927,-5.951,0.0417,127.578,0.737,163227.0,16,0,0.0,1,0,0,0,0,0,0,0,0,0,0,0,0,1,0,0,1,0
권지은 (Kwon Jieun),0.0229,0.485,0.447,0.672,0.12,-8.277,0.0279,135.901,0.148,208413.0,14,0,0.375,0,1,0,0,0,0,0,0,0,0,0,0,0,1,0,0,1,0
Standing Egg,0.366,0.501,0.421,0.0,0.0961,-6.514,0.0316,129.599,0.356,237320.0,41,0,0.5,0,0,0,0,0,0,0,0,0,0,1,0,0,1,0,0,1,0
Jukjae,0.733,0.575,0.392,0.0258,0.139,-11.05,0.0266,109.295,0.4,224551.0,40,0,0.5,0,0,1,0,0,0,0,0,0,0,0,0,0,1,0,1,0,0
Xdinary Heroes,0.0119,0.645,0.91,0.0,0.0589,-2.298,0.176,101.788,0.637,183670.0,66,1,-0.6999999999999998,0,0,0,0,0,0,0,0,0,1,0,0,0,1,0,0,1,0
Kang Seung Yoon,0.335,0.635,0.76,0.0,0.193,-4.665,0.0924,101.81,0.564,170648.0,47,0,-0.16666666666666666,1,0,0,0,0,0,0,0,0,0,0,0,0,1,0,0,1,0
YLN Foreign,0.0449,0.799,0.939,0.0,0.135,-3.408,0.299,152.008,0.361,214000.0,32,0,0.0,0,1,0,0,0,0,0,0,0,0,0,0,1,0,0,0,1,0
SRG,0.0819,0.878,0.522,1.09e-06,0.0784,-3.27,0.219,86.018,0.833,174412.0,17,0,0.0,0,1,0,0,0,0,0,0,0,0,0,0,0,1,0,0,1,0
Yoon Jong Shin,0.291,0.725,0.61,0.0,0.101,-4.224,0.0239,104.994,0.631,221960.0,21,0,-0.16666666666666666,0,0,0,0,0,0,1,0,0,0,0,0,1,0,0,0,1,0
CIKI,0.0406,0.62,0.711,3e-05,0.321,-5.189,0.0849,180.078,0.655,205549.0,39,0,0.0,0,0,0,0,0,1,0,0,0,0,0,0,1,0,0,0,1,0
Kim Mi Jeong,0.244,0.801,0.863,0.0,0.298,-3.357,0.114,104.036,0.94,152308.0,24,0,0.0,0,0,0,0,0,0,0,0,0,0,0,1,1,0,0,0,1,0
NARIN,0.0687,0.67,0.591,0.0,0.103,-5.234,0.338,179.857,0.438,176819.0,14,0,0.0,0,0,0,0,0,0,0,0,0,1,0,0,0,1,0,0,1,0
Carina Nebula,0.456,0.632,0.419,0.0383,0.142,-10.029,0.0382,123.228,0.598,220493.0,15,0,0.7,0,0,0,0,0,0,0,1,0,0,0,0,0,1,0,0,1,0
YongYong,0.00556,0.692,0.805,0.0,0.0742,-4.777,0.065,117.983,0.906,217707.0,33,0,0.0,0,1,0,0,0,0,0,0,0,0,0,0,0,1,0,0,1,0
Jueun,0.255,0.619,0.687,0.0,0.0797,-7.132,0.0563,79.943,0.591,183217.0,44,0,0.43333333333333335,0,0,0,0,0,1,0,0,0,0,0,0,0,1,0,0,1,0
Royal 44,0.275,0.769,0.668,0.0,0.0917,-6.836,0.0734,104.933,0.803,238286.0,36,0,0.0,0,1,0,0,0,0,0,0,0,0,0,0,1,0,0,0,1,0
Baek A,0.929,0.476,0.192,8.47e-05,0.0833,-12.256,0.0311,129.725,0.255,275200.0,25,0,0.0,0,0,1,0,0,0,0,0,0,0,0,0,0,1,0,0,1,0
YONKO,0.0937,0.383,0.641,0.000418,0.124,-6.941,0.0406,80.648,0.308,205192.0,17,0,0.0,0,0,0,0,0,0,0,1,0,0,0,0,1,0,0,0,0,1
WOODZ,0.0352,0.468,0.659,0.000109,0.554,-4.774,0.0321,147.881,0.189,198440.0,59,1,0.0,0,0,0,0,0,0,0,1,0,0,0,0,0,1,0,0,1,0
EPEX,0.0725,0.754,0.878,0.0,0.0849,-1.917,0.0689,120.009,0.902,193600.0,56,1,0.0,0,0,0,0,0,0,0,0,0,0,0,1,1,0,0,0,1,0
THE BOYZ,0.0361,0.645,0.794,0.0,0.0672,-4.064,0.183,100.024,0.548,189926.0,43,0,0.0,0,0,0,0,0,0,1,0,0,0,0,0,1,0,0,0,1,0
TAEYANG,0.454,0.395,0.33,0.0,0.11,-7.783,0.0358,89.851,0.215,255253.0,56,1,0.0,0,0,1,0,0,0,0,0,0,0,0,0,0,1,1,0,0,0
Cho Yong Pil,0.0192,0.615,0.879,0.000118,0.197,-4.011,0.0268,129.986,0.771,225836.0,32,0,0.0,1,0,0,0,0,0,0,0,0,0,0,0,0,1,0,0,1,0
MINNIE,0.476,0.546,0.94,0.0,0.299,-3.697,0.377,179.986,0.236,177056.0,54,1,-0.1,0,0,0,0,0,0,0,0,0,0,0,1,1,0,0,0,1,0
Shin Ji Hoon,0.894,0.545,0.396,0.0,0.171,-7.42,0.0275,82.01,0.435,271413.0,37,0,0.5,0,0,0,0,0,0,0,0,0,0,0,1,0,1,0,0,1,0
Coffeeboy,0.935,0.505,0.294,0.00508,0.102,-9.553,0.0301,124.131,0.332,213845.0,24,0,0.0,1,0,0,0,0,0,0,0,0,0,0,0,0,1,0,0,1,0
Isaac Hong,0.73,0.686,0.243,2.16e-05,0.108,-9.173,0.0713,138.271,0.405,192335.0,26,0,0.0,0,0,0,0,0,0,0,0,1,0,0,0,0,1,0,1,0,0
GRAY,0.0219,0.658,0.742,0.00293,0.177,-7.728,0.0416,97.001,0.901,243093.0,21,0,0.0,0,1,0,0,0,0,0,0,0,0,0,0,0,1,0,0,1,0
Hyun shin young,0.786,0.416,0.494,0.0,0.0934,-5.767,0.0388,135.209,0.263,258787.0,19,0,0.0,0,0,0,0,0,1,0,0,0,0,0,0,1,0,0,0,1,0
GRAY,0.135,0.595,0.928,1.01e-06,0.324,-2.286,0.0555,155.997,0.563,211538.0,37,0,0.0,0,0,1,0,0,0,0,0,0,0,0,0,1,0,0,0,1,0
Chawoo,0.257,0.851,0.771,3.88e-06,0.0851,-1.875,0.0348,99.927,0.674,137520.0,29,0,0.0,1,0,0,0,0,0,0,0,0,0,0,0,0,1,0,0,1,0
Yuzion,0.0371,0.574,0.638,0.00394,0.246,-8.244,0.0411,139.871,0.458,193714.0,29,0,0.0,0,0,0,0,0,1,0,0,0,0,0,0,1,0,0,0,1,0
Moon,0.181,0.752,0.783,3.41e-05,0.0813,-5.69,0.0509,100.015,0.703,266921.0,16,0,0.0,1,0,0,0,0,0,0,0,0,0,0,0,0,1,0,0,1,0
Silica Gel,0.00835,0.232,0.785,0.000336,0.381,-5.016,0.0849,92.022,0.476,263493.0,41,0,0.0,0,0,0,0,0,0,0,0,0,0,1,0,0,1,0,0,1,0
VROMANCE,0.508,0.422,0.576,0.0,0.068,-5.746,0.052,129.509,0.289,239960.0,25,0,0.0,0,0,0,0,1,0,0,0,0,0,0,0,0,1,0,0,1,0
Lim Jae Hyun,0.38,0.511,0.541,0.0,0.107,-5.018,0.0343,123.797,0.174,279733.0,47,0,0.0,0,0,0,0,0,0,0,1,0,0,0,0,0,1,0,0,1,0
KOONTA,0.0666,0.616,0.93,0.0,0.389,-2.954,0.248,89.934,0.933,209560.0,18,0,0.0,0,1,0,0,0,0,0,0,0,0,0,0,0,1,0,0,1,0
SINCE,0.155,0.755,0.841,0.0,0.197,-3.538,0.0722,96.957,0.38,161913.0,42,0,0.0,0,0,0,0,0,0,0,1,0,0,0,0,1,0,0,0,1,0
XODIAC,0.00835,0.758,0.681,0.0,0.207,-5.835,0.0986,96.072,0.537,197640.0,53,1,0.0,0,0,1,0,0,0,0,0,0,0,0,0,1,0,0,0,1,0
Sam Ock,0.589,0.482,0.34,0.0,0.127,-9.0,0.0758,104.631,0.252,184240.0,31,0,0.0,0,0,0,0,0,0,1,0,0,0,0,0,0,1,0,0,1,0
Sonnet,0.792,0.482,0.565,0.0,0.135,-4.55,0.0353,133.656,0.385,268240.0,30,0,0.0,0,0,0,0,0,0,1,0,0,0,0,0,1,0,0,0,1,0
SEVENTEEN,0.162,0.771,0.88,1.41e-06,0.167,-4.091,0.0857,137.018,0.347,200387.0,88,1,0.3333333333333333,0,0,0,0,0,0,0,0,1,0,0,0,0,1,0,0,1,0
Jay Park,0.185,0.731,0.667,0.0,0.106,-6.987,0.0596,76.026,0.739,129240.0,56,1,0.0,0,0,0,0,0,1,0,0,0,0,0,0,1,0,0,0,1,0
Kim Sawol,0.859,0.282,0.443,0.639,0.186,-8.55,0.0291,86.179,0.163,207419.0,20,0,0.0,0,0,0,0,0,1,0,0,0,0,0,0,0,1,0,0,1,0
Tarin,0.318,0.737,0.532,0.0,0.0901,-6.963,0.0311,109.975,0.605,158843.0,27,0,0.0,0,0,0,0,0,0,0,0,1,0,0,0,0,1,0,0,1,0
Wilcox,0.732,0.492,0.497,0.0,0.156,-6.547,0.251,167.652,0.609,212347.0,22,0,0.35714285714285715,0,0,0,0,0,0,0,0,1,0,0,0,0,1,0,0,1,0
toasterz,0.372,0.45,0.261,2.82e-06,0.115,-6.947,0.0296,139.964,0.178,209857.0,18,0,0.0,0,1,0,0,0,0,0,0,0,0,0,0,0,1,0,0,1,0
COLL!N,0.618,0.535,0.907,0.0,0.167,-2.141,0.0603,154.067,0.565,204867.0,16,0,0.0,0,0,0,0,0,0,0,0,0,0,0,1,1,0,0,0,1,0
Private Story,0.574,0.488,0.497,0.0,0.164,-3.809,0.0295,132.054,0.329,229053.0,16,0,0.0,0,0,0,0,0,0,0,0,0,0,0,1,0,1,0,0,1,0
THE PIECES,0.963,0.523,0.121,0.72,0.0971,-18.55,0.082,138.553,0.245,229500.0,14,0,0.0,0,0,0,0,0,0,1,0,0,0,0,0,0,1,0,0,0,1
LEVENUE,0.246,0.79,0.698,0.0,0.292,-5.109,0.0379,116.015,0.777,144080.0,20,0,0.0,0,0,0,0,0,0,0,1,0,0,0,0,0,1,0,0,1,0
Churry,0.0958,0.88,0.69,0.0,0.0684,-4.283,0.0611,90.033,0.899,128000.0,19,0,0.0,0,0,0,0,0,1,0,0,0,0,0,0,0,1,0,0,1,0
Yohan.D,0.238,0.668,0.751,0.000113,0.418,-4.296,0.11,89.9,0.587,151947.0,18,0,0.5,0,0,0,0,0,0,0,0,0,0,0,1,0,1,0,0,1,0
Yeona,0.181,0.841,0.358,2.17e-06,0.101,-8.407,0.0689,89.971,0.172,231450.0,17,0,0.0,0,0,0,0,0,0,0,1,0,0,0,0,0,1,0,0,1,0
Lucia,0.734,0.274,0.41,0.0,0.213,-6.652,0.038,83.702,0.202,280253.0,22,0,0.0,0,1,0,0,0,0,0,0,0,0,0,0,0,1,0,0,1,0
BLITZERS,0.0501,0.854,0.868,1.86e-05,0.0723,-2.307,0.0552,107.99,0.594,189480.0,60,1,0.0,0,1,0,0,0,0,0,0,0,0,0,0,0,1,0,0,1,0
meenoi,0.64,0.786,0.673,0.0,0.114,-5.191,0.272,140.134,0.729,195536.0,46,0,0.0,0,1,0,0,0,0,0,0,0,0,0,0,1,0,0,0,1,0
MILLIC,0.642,0.645,0.302,0.000975,0.0985,-8.38,0.0424,135.035,0.0435,188718.0,37,0,0.0,1,0,0,0,0,0,0,0,0,0,0,0,0,1,0,0,1,0
DKZ,0.263,0.381,0.861,0.0,0.105,-5.122,0.165,194.262,0.464,210500.0,39,0,0.0,0,0,0,0,0,0,0,0,1,0,0,0,0,1,0,0,1,0
Kevin Oh,0.849,0.367,0.296,0.00387,0.143,-12.153,0.0331,77.978,0.269,194625.0,33,0,0.0,0,0,0,1,0,0,0,0,0,0,0,0,0,1,0,0,1,0
Jae Ryung,0.708,0.623,0.465,0.0,0.181,-5.652,0.0982,134.925,0.3,183329.0,21,0,0.0,0,0,0,1,0,0,0,0,0,0,0,0,0,1,0,0,1,0
OMEGA X,0.162,0.593,0.776,0.0,0.0693,-4.019,0.0458,90.025,0.427,231640.0,44,0,0.0,0,0,1,0,0,0,0,0,0,0,0,0,0,1,0,0,1,0
UV,0.01,0.766,0.922,0.0,0.0495,-2.645,0.0573,120.045,0.893,240500.0,19,0,0.0,0,0,0,0,0,0,0,0,0,1,0,0,0,1,0,0,1,0
BUMJIN,0.457,0.827,0.572,7.11e-06,0.0744,-4.201,0.0441,93.008,0.458,215347.0,18,0,0.0,0,0,0,0,0,0,1,0,0,0,0,0,1,0,0,0,1,0
SUNGHWI,0.113,0.629,0.605,5.38e-06,0.0759,-5.801,0.0341,91.029,0.641,199451.0,16,0,-0.1,0,0,0,0,0,0,0,0,0,1,0,0,0,1,0,0,1,0
HAAN,0.139,0.702,0.618,0.0,0.133,-5.108,0.0272,107.975,0.549,136806.0,27,0,-0.2,0,0,0,0,0,1,0,0,0,0,0,0,0,1,0,0,1,0
OH MY GIRL,0.245,0.641,0.831,0.0,0.144,-2.48,0.0459,90.046,0.737,199720.0,46,0,0.0,0,0,0,0,0,0,0,1,0,0,0,0,0,1,0,0,1,0
Agust D,0.313,0.697,0.837,0.0,0.471,-2.651,0.304,85.097,0.831,168927.0,90,1,0.0,0,0,0,0,0,0,0,1,0,0,0,0,0,1,0,0,0,1
Kim Tae Woo,0.404,0.806,0.468,0.0,0.096,-6.558,0.0271,108.996,0.719,275360.0,22,0,0.0,0,0,0,0,0,0,0,1,0,0,0,0,0,1,0,0,1,0
THE BOYZ,0.118,0.894,0.694,0.0,0.0599,-4.27,0.0496,119.968,0.922,157462.0,50,0,0.0,1,0,0,0,0,0,0,0,0,0,0,0,0,1,0,0,1,0
MAKTUB,0.465,0.548,0.514,0.0,0.0987,-4.851,0.0314,88.053,0.251,186019.0,36,0,0.4,0,0,0,0,0,0,1,0,0,0,0,0,0,1,0,0,1,0
DAVII,0.395,0.671,0.876,0.0,0.125,-2.835,0.362,86.914,0.659,203776.0,18,0,0.0,0,0,0,0,0,0,0,0,0,1,0,0,0,1,0,0,1,0
NavyQuokka,0.464,0.673,0.516,0.0,0.0823,-5.17,0.0352,85.033,0.696,209960.0,30,0,0.0,0,0,0,0,0,1,0,0,0,0,0,0,0,1,0,0,1,0
YEWON,0.587,0.425,0.411,0.0,0.287,-6.335,0.0337,123.253,0.348,220537.0,16,0,-0.2,0,0,0,0,0,0,0,0,0,1,0,0,0,1,0,0,1,0
Park Sihwan,0.484,0.586,0.611,0.0,0.0702,-4.974,0.0286,82.04,0.442,245293.0,25,0,0.5,0,0,0,0,1,0,0,0,0,0,0,0,0,1,0,0,1,0
Cha ga eul,0.552,0.564,0.563,0.0,0.244,-5.884,0.0493,131.881,0.257,201049.0,26,0,0.7,0,0,0,0,0,0,0,0,0,1,0,0,0,1,0,0,1,0
saevom,0.873,0.527,0.265,0.0,0.144,-8.573,0.0355,134.873,0.395,198088.0,22,0,-0.1875,0,1,0,0,0,0,0,0,0,0,0,0,0,1,0,0,1,0
The Stray,0.884,0.437,0.335,0.0,0.144,-4.99,0.0321,131.618,0.347,211387.0,31,0,0.0,1,0,0,0,0,0,0,0,0,0,0,0,0,1,0,0,1,0
blienty,0.0176,0.51,0.846,3.02e-06,0.191,-5.517,0.0345,118.949,0.463,163163.0,40,0,0.0,0,0,0,0,0,0,0,1,0,0,0,0,1,0,0,0,1,0
Odett,0.385,0.811,0.541,0.0,0.321,-6.731,0.173,97.134,0.493,195307.0,40,0,0.0,0,0,0,0,0,1,0,0,0,0,0,0,1,0,0,0,1,0
성유진,0.318,0.467,0.497,0.0,0.116,-4.343,0.0284,135.45,0.411,241507.0,24,0,0.0,1,0,0,0,0,0,0,0,0,0,0,0,1,0,0,0,1,0
Collective Arts,0.878,0.611,0.14,5.47e-06,0.109,-10.039,0.0328,131.878,0.157,276636.0,17,0,0.5,0,1,0,0,0,0,0,0,0,0,0,0,0,1,0,0,1,0
LUDA,0.533,0.521,0.706,9.82e-05,0.119,-6.272,0.0327,80.098,0.399,224916.0,23,0,0.0,0,0,0,0,0,0,0,0,1,0,0,0,0,1,0,0,1,0
Hwang Woo Lim,0.548,0.405,0.315,0.0,0.106,-6.507,0.029,139.618,0.136,236960.0,18,0,0.0,0,0,0,0,0,0,1,0,0,0,0,0,1,0,0,0,1,0
U-Rim,0.641,0.532,0.588,0.0,0.369,-4.737,0.0666,76.653,0.689,209933.0,18,0,0.5,0,0,1,0,0,0,0,0,0,0,0,0,0,1,0,0,1,0
Sondia,0.241,0.715,0.919,0.0,0.085,-2.004,0.0567,139.071,0.962,163213.0,46,0,0.0,1,0,0,0,0,0,0,0,0,0,0,0,0,1,0,0,1,0
KANGTA,0.769,0.537,0.355,0.0,0.0926,-6.514,0.0302,81.943,0.329,222147.0,28,0,0.0,0,0,0,0,0,0,1,0,0,0,0,0,0,1,0,0,1,0
1DAY,0.305,0.71,0.735,0.0,0.132,-5.676,0.208,163.033,0.819,166576.0,24,0,-0.30000000000000004,0,0,0,0,0,0,0,1,0,0,0,0,0,1,0,0,1,0
League of Legends,0.0528,0.459,0.887,0.0,0.0945,-3.424,0.275,136.268,0.247,181471.0,59,1,0.0,0,0,0,0,0,0,0,0,0,1,0,0,0,1,0,0,1,0
JEON CHUL MIN,0.762,0.421,0.482,0.0,0.156,-3.793,0.0314,132.321,0.316,206245.0,14,0,0.0,0,0,1,0,0,0,0,0,0,0,0,0,0,1,0,0,1,0
Luci Gang,0.0249,0.927,0.755,0.0,0.0673,-4.031,0.073,109.963,0.775,168000.0,17,0,0.0,0,1,0,0,0,0,0,0,0,0,0,0,0,1,0,0,1,0
Sook Haeng,0.372,0.721,0.71,0.0,0.23,-5.73,0.0629,125.016,0.508,203840.0,13,0,0.0,0,0,0,0,0,0,0,1,0,0,0,0,1,0,0,0,1,0
New Hope Club,0.208,0.648,0.735,0.0,0.343,-3.468,0.146,89.76,0.858,167547.0,57,1,0.3333333333333333,0,0,0,0,0,0,0,0,0,0,0,1,1,0,0,0,1,0
ROH YUNHA,0.0128,0.91,0.732,4.68e-06,0.1,-4.183,0.22,130.029,0.646,188107.0,38,0,0.0,0,0,1,0,0,0,0,0,0,0,0,0,0,1,0,0,1,0
BANGJA,0.311,0.489,0.81,1.69e-05,0.126,-4.974,0.0833,172.045,0.873,142565.0,25,0,0.0,0,0,0,0,0,0,0,0,0,0,1,0,0,1,0,0,1,0
Sang hyun,0.211,0.536,0.451,0.0,0.0753,-10.697,0.18,79.204,0.158,216266.0,14,0,0.0,0,0,0,0,0,0,0,0,0,0,0,1,0,1,0,0,1,0
TANAKA,0.652,0.485,0.402,0.0,0.123,-5.425,0.0258,75.83,0.142,252053.0,23,0,0.0,0,0,0,0,0,0,0,0,0,0,0,1,0,1,0,0,1,0
MIND U,0.424,0.677,0.444,0.0,0.161,-6.631,0.0293,90.804,0.603,238147.0,18,0,0.5,1,0,0,0,0,0,0,0,0,0,0,0,0,1,0,0,1,0
VANNER,0.0156,0.712,0.809,0.0,0.244,-4.61,0.211,106.996,0.698,210173.0,40,0,0.0,0,0,0,0,0,0,0,1,0,0,0,0,0,1,0,0,1,0
BOYS PLANET,0.085,0.771,0.882,0.0,0.318,-1.837,0.074,120.995,0.871,203253.0,73,1,0.0,0,0,0,1,0,0,0,0,0,0,0,0,1,0,0,0,1,0
Parc Jae Jung,0.74,0.49,0.489,0.0,0.169,-5.091,0.0271,135.868,0.218,243853.0,45,0,0.0,0,0,0,0,0,1,0,0,0,0,0,0,0,1,0,0,1,0
HANRORO,0.283,0.38,0.678,3.99e-06,0.133,-4.937,0.0327,161.714,0.114,272000.0,33,0,0.0,0,0,0,0,0,1,0,0,0,0,0,0,0,1,0,0,1,0
Ryu Su Jeong,0.611,0.703,0.54,7.62e-05,0.114,-6.526,0.153,110.879,0.341,153147.0,31,0,0.0,0,0,0,1,0,0,0,0,0,0,0,0,1,0,0,0,1,0
GIUK,0.0107,0.531,0.932,0.0,0.135,-3.164,0.088,159.889,0.523,197960.0,39,0,0.0,1,0,0,0,0,0,0,0,0,0,0,0,0,1,0,0,1,0
LEE GI KWANG,0.0112,0.716,0.876,0.000144,0.231,-3.538,0.0431,109.927,0.613,183187.0,51,1,0.0,0,0,0,0,0,0,0,0,1,0,0,0,1,0,0,0,1,0
Yeoeun,0.871,0.402,0.551,0.0,0.137,-5.022,0.0301,131.784,0.212,225280.0,18,0,0.0,1,0,0,0,0,0,0,0,0,0,0,0,0,1,0,0,1,0
pigfrog,0.235,0.663,0.61,0.749,0.125,-8.054,0.0352,84.008,0.645,197321.0,25,0,0.0,0,0,0,0,0,0,0,0,1,0,0,0,0,1,0,0,1,0
wave to earth,0.75,0.553,0.466,0.000664,0.111,-8.452,0.0288,158.037,0.377,248746.0,62,1,0.0,0,0,0,0,0,0,0,1,0,0,0,0,0,1,0,0,1,0
ACOURVE,0.683,0.356,0.557,0.0,0.144,-4.928,0.0303,151.8,0.286,198417.0,25,0,0.0,0,0,0,0,1,0,0,0,0,0,0,0,0,1,0,0,1,0
Sojeong,0.26,0.672,0.572,0.0,0.177,-6.187,0.0304,99.966,0.18,233125.0,44,0,0.3,0,0,0,0,0,0,0,1,0,0,0,0,0,1,0,0,1,0
Taylor,0.532,0.608,0.878,0.0,0.373,-0.929,0.0542,105.96,0.812,163014.0,17,0,0.0,0,0,0,0,0,0,0,1,0,0,0,0,0,1,0,0,1,0
UNDER SEONGSU BRIDGE,0.0158,0.63,0.508,0.0,0.112,-5.619,0.318,125.11,0.244,181061.0,25,0,0.0,0,1,0,0,0,0,0,0,0,0,0,0,0,1,0,0,1,0
