,title,artist,album,uri,year,acousticness,danceability,key,energy,instrumentalness,liveness,loudness,audio_mode,speechiness,tempo,valence,duration_ms,time_signature,song_popularity
0,Jopping,SuperM,SuperM - The 1st Mini Album,spotify:track:5WrEilrRI5cIW0DxMvQYPZ,2019,0.0139,0.74,10,0.835,0.0,0.857,-3.425,0,0.0839,123.024,0.535,251293,4,63
1,Feel Special,TWICE,Feel Special,spotify:track:14rWuS6yllHOdfZ8sZsZUj,2019,0.0296,0.709,1,0.959,0.00188,0.107,-1.339,1,0.0603,128.983,0.644,206868,4,63
2,Fear,SEVENTEEN,An Ode,spotify:track:0fToFBFypPz5XMyAdAm7Ay,2019,0.16,0.592,7,0.946,0.0,0.139,-2.699,0,0.327,146.037,0.705,175213,4,0
3,Heartbeat (BTS World Original Soundtrack),BTS,BTS WORLD (Original Soundtrack),spotify:track:5EgYDyMDCi8X0zDydTF7Rb,2019,0.39,0.437,5,0.716,0.0,0.208,-4.306,1,0.05,170.094,0.307,253304,4,66
4,Uh-Oh,(G)I-DLE,Uh-Oh,spotify:track:1OBb2wZMXKNmtdyyejLIyL,2019,0.0586,0.781,11,0.814,0.0,0.118,-3.315,0,0.0648,92.037,0.782,207600,4,62
5,Zimzalabim,Red Velvet,‘The ReVe Festival’ Day 1,spotify:track:0GUbhhI5fRx7BlqlqlhjuB,2019,0.0028,0.68,5,0.878,2.22e-05,0.336,-4.791,0,0.179,127.991,0.531,190860,4,56
6,BIRTHDAY,JEON SOMI,BIRTHDAY,spotify:track:3jsWXhE5NuPWQ4IHplv2zt,2019,0.0163,0.687,7,0.843,9.96e-06,0.0372,-4.242,1,0.109,180.055,0.597,185796,4,0
7,Snapping,CHUNG HA,Flourishing,spotify:track:7JCi89HGiURxFpr6NITY7q,2019,0.0706,0.751,8,0.726,3.42e-06,0.278,-3.499,0,0.038,104.914,0.581,213164,4,0
8,All Night (BTS World Original Soundtrack) [Pt. 3],BTS,All Night (BTS World Original Soundtrack) [Pt. 3],spotify:track:70sKIAQgaVN2zWEEyOpyMZ,2019,0.193,0.725,5,0.706,0.0,0.109,-4.766,1,0.121,120.042,0.667,216874,4,65
9,FANCY,TWICE,FANCY YOU,spotify:track:60zxdAqWtdDu0vYsbXViA7,2019,0.0132,0.699,5,0.866,0.0,0.648,-2.138,0,0.0446,132.023,0.795,213886,4,0
10,Boy With Luv (feat. Halsey),BTS,MAP OF THE SOUL : PERSONA,spotify:track:5KawlOMHjWeUjQtnuRs22c,2019,0.0923,0.645,11,0.862,0.0,0.192,-4.757,0,0.0965,119.991,0.798,229773,4,6
11,Mikrokosmos,BTS,MAP OF THE SOUL : PERSONA,spotify:track:5hnbE5BF2e8BCk9OMR1UVC,2019,0.125,0.58,8,0.858,0.0,0.0502,-5.212,1,0.114,174.039,0.475,224225,3,1
12,Don't Know What To Do,BLACKPINK,Kill This Love,spotify:track:7ibZWzytUh41z5ycK2I5N8,2019,0.0992,0.628,6,0.64,0.0,0.138,-4.164,0,0.0491,129.815,0.409,201081,4,0
13,Kill This Love,BLACKPINK,Kill This Love,spotify:track:0M98PvIvx7vZ8LDpzMw1hB,2019,0.318,0.738,2,0.861,0.00182,0.325,-4.141,1,0.237,131.98,0.58,189052,4,0
14,"Domino (feat. Crush) (Prod. Crush, Gxxd)",1THE9,"Domino (Feat. Crush) (Prod. Crush, Gxxd)",spotify:track:0xrX9ZarxssZpNBfcnyuPl,2019,0.143,0.615,9,0.881,0.0,0.133,-4.011,0,0.0777,127.954,0.751,209312,4,31
15,BANANA CHACHA,MOMOLAND,BANANA CHACHA,spotify:track:5rEkbyBhnuVXLfe6yp8f3b,2019,0.11,0.856,0,0.946,8.98e-05,0.124,-2.238,1,0.0958,139.986,0.896,134101,4,44
16,Universe,HWANG MIN HYUN,Universe,spotify:track:5xryvrkHJsBndrsYIcwb4H,2019,0.177,0.598,1,0.772,0.0,0.178,-5.061,0,0.0793,97.986,0.493,201670,4,0
17,달라달라 DALLA DALLA,ITZY,IT'z Different,spotify:track:6G7DuXoSGeAf6BZivJdEjF,2019,0.00116,0.79,11,0.853,4.23e-05,0.329,-4.564,0,0.0666,125.0,0.713,199874,4,0
18,PIRI,Dreamcatcher,The End of Nightmare,spotify:track:6vHyPhg8fgclBiY8QN68wp,2019,0.18,0.507,2,0.869,0.0,0.474,-2.245,0,0.0594,170.043,0.507,206819,4,54
19,WANT,TAEMIN,WANT - The 2nd Mini Album,spotify:track:0aLG42zaidNkblhiQgJknP,2019,0.0261,0.64,7,0.757,0.0,0.127,-5.532,1,0.0689,104.943,0.413,208968,4,58
20,Butterfly,LOONA,[X X],spotify:track:5jhYykolbcG1T9wZSyvhp5,2019,0.0427,0.582,7,0.866,0.00014,0.126,-4.139,0,0.0414,107.021,0.351,237756,4,0
21,In the Rain,Yoon Jisung,Aside,spotify:track:3cXt0tlOV7OmjTWgaQ1bT1,2019,0.744,0.496,3,0.543,0.0,0.115,-5.654,1,0.0372,143.771,0.326,232110,4,0
22,Candle,PARK WOO JIN,Candle,spotify:track:6FdRXt5c7mWFePJTbuSXeb,2019,0.39,0.791,1,0.738,0.0,0.335,-5.341,1,0.0878,97.033,0.755,200222,4,32
23,All Night,ASTRO,All Light,spotify:track:6UheGr5tu8pF8CRYcWxmTW,2019,0.234,0.573,11,0.77,0.0,0.11,-4.622,0,0.184,150.064,0.578,223746,4,0
24,Walking,VIXX,Walking,spotify:track:0lV7V7aE3usrCm4weQWbFc,2019,0.746,0.543,4,0.452,7.77e-05,0.121,-7.798,1,0.0366,153.94,0.274,218924,4,0
25,No,CLC,No.1,spotify:track:3sygLAUhHsJsQ0cBk6fxRd,2019,0.00785,0.76,6,0.722,0.000326,0.116,-4.429,0,0.0908,120.055,0.687,181976,4,52
26,Home,SEVENTEEN,SEVENTEEN 6TH MINI ALBUM 'YOU MADE MY DAWN',spotify:track:5TyCTVsBsHeeutZcU2uP5s,2019,0.427,0.741,9,0.547,0.0,0.0931,-5.029,1,0.253,87.977,0.615,203732,4,67
27,Boy with a star,HYUK,Boy with a star,spotify:track:6yYmQzs0WuUcGn38MheTEF,2019,0.718,0.584,5,0.353,0.0,0.322,-7.178,1,0.0344,131.798,0.316,251281,4,0
28,A day of love,B1A4,A DAY OF LOVE,spotify:track:3yLT9qksBnlQSY1RPhWB6k,2019,0.705,0.712,11,0.728,0.0,0.188,-5.202,0,0.0341,100.06,0.873,221403,4,0
29,Q&A,Cherry Bullet,Cherry Bullet 1st Single Album Let's Play Cherry Bullet,spotify:track:0S6giCcEzgm7SzK6cczMKc,2019,0.0614,0.802,11,0.893,0.0,0.226,-4.103,1,0.0852,120.003,0.593,206165,4,49
30,Sunrise,GFRIEND,GFRIEND The 2nd Album 'Time for us',spotify:track:1e7eOq89QU6vGYCJp9yW2L,2019,0.428,0.453,6,0.849,0.0,0.1,-1.337,0,0.125,173.917,0.638,216488,4,55
31,%%(Eung Eung),Apink,PERCENT,spotify:track:4SpQDJz1JiRT2mHxvyqN9K,2019,0.294,0.647,5,0.855,0.0,0.137,-2.944,0,0.037,144.867,0.683,208105,4,54
32,SOLO,JENNIE,SOLO,spotify:track:2wVDWtLKXunswWecARNILj,2019,0.0861,0.751,3,0.642,0.0,0.0953,-5.165,0,0.087,95.045,0.388,169567,4,75
33,Valkyrie,ONEUS,LIGHT US,spotify:track:0oNFVyzwK6TFdFHSsD1dmC,2019,0.0254,0.731,9,0.817,0.0,0.147,-3.906,0,0.121,127.952,0.657,207586,4,52
34,Love Shot,EXO,LOVE SHOT– The 5th Album Repackage,spotify:track:0yB4jrSwN0bFtFRDR5vyMj,2019,0.0702,0.689,5,0.678,0.0,0.0889,-4.287,0,0.119,145.883,0.335,200306,4,77
35,La La Love,WJSN,WJ STAY?,spotify:track:1pXpzhdyeryEw8DqhaVrwe,2019,0.0318,0.624,7,0.91,1.68e-06,0.246,-2.246,1,0.085,120.967,0.516,202713,4,43
36,La Vie en Rose,IZ*ONE,COLOR*IZ,spotify:track:1fRaznZsAB2i63TtmYv2Hc,2019,0.0899,0.698,9,0.908,0.0,0.115,-1.211,0,0.0548,115.975,0.606,218994,4,0
37,I’M OK,iKON,NEW KIDS REPACKAGE : THE NEW KIDS,spotify:track:6uHoPVdPEqXlH1Kd3KqTIJ,2019,0.335,0.539,0,0.597,0.0,0.142,-4.83,1,0.0673,179.857,0.436,216647,4,0
38,Ring Ring Ring,VERIVERY,VERIVERY 1st Mini Album [VERI-US],spotify:track:4J7BrgAOT3jk0SC13FWzp6,2019,0.147,0.791,2,0.944,0.0,0.15,-2.854,1,0.135,107.995,0.713,186364,4,0
39,FIANCÉ,MINO,XX,spotify:track:1bZNFcnyCmlnbs337baR0b,2019,0.0281,0.661,5,0.759,0.0,0.128,-3.247,1,0.0326,139.922,0.466,207925,4,0
40,RBB (Really Bad Boy),Red Velvet,RBB - The 5th Mini Album,spotify:track:4xjVP2Vogo0C72o6Nevq0W,2019,0.012,0.719,2,0.85,0.000239,0.114,-3.229,1,0.0317,150.059,0.367,188786,4,58
41,Tempo,EXO,DON’T MESS UP MY TEMPO – The 5th Album,spotify:track:4EjUFjzi4ErWjklOA3Aslu,2019,0.237,0.686,0,0.842,0.0,0.0683,-4.423,1,0.1,115.944,0.519,224483,4,65
42,MILLIONS,WINNER,MILLIONS,spotify:track:5wIMMlbIGCNAXnGy0ijojN,2019,0.0599,0.811,8,0.663,0.0,0.0668,-4.543,1,0.0628,108.992,0.811,208284,4,0
43,Gotta Go,CHUNG HA,Gotta Go,spotify:track:0xq4ZTcmwBfkPGo4RRKmMe,2019,0.0741,0.53,3,0.829,0.0,0.0993,-2.526,0,0.0445,101.85,0.423,221813,4,0
44,Even So,LUNA,Even So,spotify:track:2iRrkHAH7JeDRK9oipHd3j,2019,0.381,0.611,11,0.749,0.0,0.192,-4.238,1,0.0323,96.914,0.503,228030,4,26
45,BBIBBI,IU,BBIBBI,spotify:track:4as4XEOR03oGm1STUKl6pa,2019,0.241,0.839,7,0.617,0.0,0.3,-4.692,1,0.331,143.894,0.821,194426,4,69
46,Simon Says,NCT 127,NCT #127 Regulate - The 1st Album Repackage,spotify:track:1zedfw5iu7XzKJT8CupEIP,2019,0.218,0.653,9,0.836,0.0,0.0507,-6.018,1,0.238,151.977,0.569,199773,4,60
47,I Love You,EXID,I Love You,spotify:track:7n2HVHWqFsyAOs5HqmE1Dl,2019,0.000371,0.695,9,0.832,0.000483,0.469,-3.455,0,0.0288,111.997,0.249,194699,4,57
48,Spring Breeze,Wanna One,1¹¹=1 (POWER OF DESTINY),spotify:track:3IktbbAbZqczBDQxCoJOyP,2019,0.0884,0.633,3,0.792,0.0,0.37,-3.202,1,0.0296,107.96,0.369,235869,4,0
49,No Air,THE BOYZ,THE BOYZ 3rd MINI ALBUM [THE ONLY],spotify:track:0mve4vxmwumqI6gnw7euma,2019,0.0871,0.733,11,0.859,0.0,0.121,-3.773,0,0.0434,102.025,0.396,244089,4,56
