,title,artist,album,uri,year,acousticness,danceability,key,energy,instrumentalness,liveness,loudness,audio_mode,speechiness,tempo,valence,duration_ms,time_signature,song_popularity
0,Weekend,TAEYEON,Weekend,spotify:track:6cqH1q7g5GeRVQVMK1Vc7f,2021,0.0783,0.74,8,0.854,0.000532,0.253,-2.209,1,0.0525,114.029,0.856,233413,4,60
1,In the morning,ITZY,GUESS WHO,spotify:track:2QdH0rKlV3d9Y6lWzcnlBH,2021,0.0825,0.847,11,0.814,0.000507,0.0948,-4.668,0,0.152,140.057,0.711,172359,4,1
2,Tamed-Dashed,ENHYPEN,DIMENSION : DILEMMA,spotify:track:1zoyteFQmeUUqyOl2Xznpy,2021,0.000253,0.568,11,0.809,3.33e-05,0.151,-3.869,0,0.0517,155.029,0.709,196170,4,70
3,FEVER,ENHYPEN,BORDER : CARNIVAL,spotify:track:0UzymivvUH5s8z4PeWZJaK,2021,0.0642,0.6,6,0.713,0.0,0.142,-5.079,0,0.0592,72.999,0.471,172107,4,78
4,Hot Sauce,NCT DREAM,Hot Sauce - The 1st Album,spotify:track:6B8MM3PVQtUbZLay7tP7er,2021,0.0127,0.769,6,0.926,0.0,0.285,-1.627,1,0.0788,100.034,0.551,195813,4,71
5,After School,Weeekly,We play,spotify:track:52CBUrIdyf8tbZaUY9iawE,2021,0.00719,0.634,1,0.928,2.55e-06,0.0626,-1.609,1,0.0514,164.007,0.738,205373,4,71
6,Hello Future,NCT DREAM,Hello Future - The 1st Album Repackage,spotify:track:332GJ8ykVuEt3jOT1sy7j6,2021,0.0261,0.545,1,0.803,0.0,0.114,-2.283,1,0.0526,170.006,0.5,220920,4,71
7,PTT (Paint The Town),LOONA,[&],spotify:track:5awNIWVrh2ISfvPd5IUZNh,2021,0.0735,0.781,8,0.814,1.92e-05,0.0565,-2.437,1,0.1,124.028,0.546,201120,4,66
8,Queendom,Red Velvet,Queendom - The 6th Mini Album,spotify:track:6SpPr7K4YQ2wp8jU6uOTmQ,2021,0.179,0.695,5,0.896,0.0,0.0626,-1.24,1,0.0847,119.959,0.508,181760,4,69
9,Drunk-Dazed,ENHYPEN,BORDER : CARNIVAL,spotify:track:1wcr8DjnN59Awev8nnKpQ4,2021,0.000707,0.599,5,0.869,0.0,0.0911,-5.174,0,0.0618,132.889,0.453,193260,4,79
10,ASAP,STAYC,STAYDOM,spotify:track:5BXr7hYZQOeRttkeWYTq5S,2021,0.102,0.764,0,0.802,0.0,0.189,-4.217,1,0.0351,132.02,0.323,194080,4,70
11,GLASSY,JO YURI,GLASSY,spotify:track:6PFfx4sEBWPuFqFB0mgX1D,2021,0.23,0.723,6,0.725,0.0,0.0683,-3.815,1,0.0551,125.048,0.731,189933,4,59
12,0X1=LOVESONG (I Know I Love You) feat. Seori,TOMORROW X TOGETHER,The Chaos Chapter: FREEZE,spotify:track:1Z8TPHiKeCUyClxV6WTTIf,2021,0.0558,0.584,0,0.836,0.0,0.0663,-4.925,1,0.079,104.973,0.484,202204,4,76
13,Alcohol-Free,TWICE,Alcohol-Free,spotify:track:6HTwoo4dUOvePNqMsTarPA,2021,0.0474,0.688,8,0.909,1.35e-06,0.0674,-1.992,1,0.0624,97.097,0.702,210573,4,0
14,LILAC,IU,IU 5th Album 'LILAC',spotify:track:5xrtzzzikpG3BLbo4q1Yul,2021,0.0895,0.738,2,0.89,1.89e-06,0.213,-2.275,0,0.0748,114.942,0.75,214253,4,73
15,LOCO,ITZY,CRAZY IN LOVE,spotify:track:5b8FtevTVz8xVF6E208xeV,2021,0.0109,0.764,1,0.886,2.21e-05,0.325,-3.067,1,0.177,102.012,0.497,191462,4,1
16,Next Level,aespa,Next Level,spotify:track:2zrhoHlFKxFTRF5aMyxMoQ,2021,0.488,0.82,11,0.852,5.94e-06,0.0907,-2.567,0,0.166,109.036,0.82,221573,4,74
17,Anti-Romantic,TOMORROW X TOGETHER,The Chaos Chapter: FREEZE,spotify:track:44tTqUi3xi7E28QLzHVdUA,2021,0.0509,0.641,0,0.489,0.0,0.071,-8.668,0,0.11,142.977,0.206,215188,4,72
18,ONLY,LeeHi,4 ONLY,spotify:track:6TBJkXHPhu3EsMk1bshwuI,2021,0.892,0.536,5,0.296,0.0,0.0873,-7.451,1,0.0346,122.907,0.151,240907,3,79
19,LO$ER=LO♡ER,TOMORROW X TOGETHER,The Chaos Chapter: FIGHT OR ESCAPE,spotify:track:21aOLk12MksET8AsbU0SI6,2021,0.001,0.644,11,0.867,0.0,0.105,-4.18,0,0.0383,124.997,0.687,199919,4,75
20,LALISA,LISA,LALISA,spotify:track:10BfqdiV5PhV1UYsMEyou1,2021,0.0267,0.804,8,0.652,0.000782,0.118,-6.282,1,0.0898,150.076,0.854,200690,4,54
21,The Feels,TWICE,The Feels,spotify:track:1XyzcGhmO7iUamSS94XfqY,2021,0.0899,0.808,9,0.903,0.0,0.0816,-2.179,1,0.0729,120.044,0.922,198053,4,2
22,Savage,aespa,Savage - The 1st Mini Album,spotify:track:3dbLT62Cvs46Ju7a8gpr36,2021,0.124,0.727,9,0.879,1.17e-05,0.244,-1.167,1,0.129,146.959,0.671,238144,4,74
23,STEREOTYPE,STAYC,STEREOTYPE,spotify:track:2bZIDMpzVooosmPHn0tHnd,2021,0.313,0.605,6,0.805,0.0,0.659,-3.212,1,0.0641,148.298,0.738,191696,4,70
24,Favorite (Vampire),NCT 127,Favorite - The 3rd Album Repackage,spotify:track:3rR9kTA6mD9LbmsCE0QWEY,2021,0.000831,0.561,5,0.758,3.08e-06,0.15,-3.87,0,0.0478,149.944,0.178,215587,4,61
25,Pose,Red Velvet,Queendom - The 6th Mini Album,spotify:track:6RTF5urAOB5C52nLxeRK5h,2021,0.0617,0.841,10,0.831,0.0,0.101,-3.675,0,0.0526,124.965,0.762,200680,4,57
26,I'll Make You Cry,aespa,Savage - The 1st Mini Album,spotify:track:6l1dTAhX7P6EKvA11NLNuW,2021,0.0861,0.606,1,0.896,0.0,0.235,-3.098,1,0.11,164.939,0.64,214853,4,59
27,YEPPI YEPPI,aespa,Savage - The 1st Mini Album,spotify:track:3UKKwGrpWWamc0XNSKXjmz,2021,0.0546,0.783,11,0.872,0.0391,0.029,-2.416,1,0.174,124.993,0.708,213560,4,63
28,Black Mamba,aespa,Black Mamba,spotify:track:1t2qYCAjUAoGfeFeoBlK51,2021,0.0618,0.52,2,0.915,0.000946,0.0856,-2.862,1,0.103,90.069,0.5,174933,4,69
29,SWIPE,ITZY,CRAZY IN LOVE,spotify:track:5au5BF6e1TgZFrdoAz9p6x,2021,0.00151,0.781,1,0.757,0.0,0.19,-4.268,1,0.0547,96.009,0.666,177893,4,0
30,#Twenty,ITZY,CRAZY IN LOVE,spotify:track:3CTZlHDyGpbzNyRCsPbdMK,2021,0.0893,0.956,1,0.717,0.0,0.0703,-5.105,1,0.205,127.971,0.688,174440,4,0
31,SHOOT!,ITZY,GUESS WHO,spotify:track:11RRkvXd7FvwxLWvtuBIR1,2021,0.353,0.852,9,0.759,1.86e-06,0.152,-4.45,1,0.0495,131.946,0.911,139213,4,0
32,MONEY,LISA,LALISA,spotify:track:7hU3IHwjX150XLoTVmjD0q,2021,0.161,0.831,1,0.554,6.12e-05,0.152,-9.998,0,0.218,140.026,0.396,168228,4,81
33,BEcause,Dreamcatcher,[Summer Holiday],spotify:track:3L74uwShK0JqEUZ5Y2JoDW,2021,0.0183,0.55,4,0.932,0.0,0.344,-2.75,0,0.0855,170.012,0.45,191947,4,58
34,Don't fight the feeling,EXO,DON'T FIGHT THE FEELING - Special Album,spotify:track:42fR3oINF3KfXCDtheoNiY,2021,0.0585,0.707,9,0.838,0.0,0.095,-2.983,0,0.117,128.007,0.832,176547,4,60
35,Dun Dun Dance,OH MY GIRL,Dear OHMYGIRL,spotify:track:54HsCR7lJJdwxmEnTY1JfF,2021,0.169,0.647,1,0.957,0.0,0.234,-0.384,0,0.0819,114.968,0.764,220560,4,60
36,Hello,JOY,Hello - Special Album,spotify:track:3cGp1jXxLReLKz7QgVbWZR,2021,0.351,0.392,2,0.894,0.0,0.349,-1.399,1,0.0459,185.869,0.644,218880,4,64
37,Advice,TAEMIN,Advice - The 3rd Mini Album,spotify:track:4rOODw637hsmsq0uzT0DN3,2021,0.406,0.659,9,0.821,0.0,0.114,-2.215,0,0.0468,161.983,0.353,191640,4,64
38,Bambi,BAEKHYUN,Bambi - The 3rd Mini Album,spotify:track:60VaORSJ5x1D4ZPSc0g2En,2021,0.434,0.438,7,0.632,0.0,0.214,-4.447,0,0.0417,61.45,0.386,213053,4,66
39,Fireworks (I'm The One),ATEEZ,ZERO : FEVER Part.2,spotify:track:0rNLaGUleZ91DXMxmZNq5v,2021,0.0419,0.724,0,0.904,4.79e-06,0.163,-3.815,1,0.0872,130.036,0.728,209575,4,65
40,Bicycle,CHUNG HA,Querencia,spotify:track:7wDVvxMUdW5MtJUqFtuXUz,2021,0.006,0.625,4,0.903,0.0,0.235,-2.519,1,0.0594,145.97,0.825,179156,4,59
41,CRY FOR ME,TWICE,CRY FOR ME,spotify:track:2xtP8RNbo2BEMzLX7tK7aq,2021,0.0542,0.702,10,0.692,0.0,0.0877,-5.405,1,0.0539,144.896,0.419,204168,4,74
42,Panorama,IZ*ONE,One-reeler / Act IV,spotify:track:0CnpSTdL9l5vQM4YnzXtyo,2021,0.0429,0.726,9,0.963,0.00157,0.128,-1.111,0,0.0916,126.062,0.769,222853,4,69
43,I CAN'T STOP ME,TWICE,Eyes Wide Open,spotify:track:37ZtpRBkHcaq6hHy0X98zn,2021,0.121,0.657,10,0.88,0.0,0.463,-3.672,0,0.102,150.084,0.769,205493,4,75
44,Blue Hour,TOMORROW X TOGETHER,minisode1 : Blue Hour,spotify:track:0JQHGu03YJikcND4SENdiW,2021,0.00962,0.71,3,0.82,0.0,0.0871,-4.362,0,0.0836,112.005,0.746,209105,4,54
45,WANNABE,ITZY,It'z Me,spotify:track:6tCssnvTUREcperDOUTqvA,2021,0.00795,0.809,6,0.911,0.000179,0.181,-4.41,0,0.0617,122.035,0.64,191242,4,1
46,God’s Menu,Stray Kids,GO LIVE,spotify:track:0RzT9tBLcQhofW2TNiHP9B,2021,0.00776,0.689,5,0.771,0.0,0.521,-3.618,1,0.0548,157.052,0.482,167922,4,1
47,Make A Wish (Birthday Song),NCT U,NCT RESONANCE Pt. 1 - The 2nd Album,spotify:track:6FdShjf7nA2cqEnpv1tIia,2021,0.0632,0.732,8,0.795,0.0,0.0569,-2.263,1,0.1,100.954,0.693,229400,4,55
48,Not Shy,ITZY,Not Shy,spotify:track:4ecVWqbtW6phQGpZMAyqIU,2021,0.155,0.776,2,0.911,2.59e-06,0.268,-3.08,0,0.131,101.027,0.56,177728,4,1
49,MORE & MORE,TWICE,MORE & MORE,spotify:track:3omvXShuRPM3zbDpWYqf5g,2021,0.0312,0.739,5,0.841,0.0,0.173,-4.162,1,0.06,106.99,0.562,199653,4,69
